{"type": "FeatureCollection", "features": [{"type": "Feature", "properties": {"name": "Anderlecht"}, "geometry": {"type": "Polygon", "coordinates": [[[4.2437658, 50.8195819], [4.2440735, 50.8195617], [4.2443812, 50.8195414], [4.2444378, 50.8193993], [4.2446464, 50.8188349], [4.2448063, 50.8182137], [4.2448657, 50.8179836], [4.2449183, 50.8177861], [4.2449322, 50.8177341], [4.2451853, 50.8176986], [4.2468168, 50.8175403], [4.2467987, 50.8176362], [4.2465249, 50.8190846], [4.2470175, 50.8191293], [4.2474357, 50.8191808], [4.2484837, 50.8192916], [4.2487839, 50.8193344], [4.2489355, 50.8193352], [4.2497793, 50.8194552], [4.2499485, 50.8192219], [4.2501088, 50.8190047], [4.2506773, 50.8182222], [4.2509579, 50.8178361], [4.2510629, 50.8176609], [4.2511678, 50.8174815], [4.2512726, 50.8173034], [4.2512951, 50.8172659], [4.2513207, 50.8172232], [4.2514781, 50.8172366], [4.2515446, 50.8172422], [4.2519594, 50.8172775], [4.2532821, 50.8172561], [4.2537563, 50.8172561], [4.254085, 50.8172766], [4.2541706, 50.8172819], [4.2545477, 50.8173254], [4.2552341, 50.8174281], [4.2554864, 50.8174606], [4.2558396, 50.817465], [4.2561447, 50.8174433], [4.2563216, 50.8174123], [4.256553, 50.8171473], [4.2569665, 50.8166765], [4.2570909, 50.8165563], [4.2577081, 50.8159597], [4.2580748, 50.8155006], [4.2581503, 50.815438], [4.2583425, 50.8151918], [4.2585852, 50.8147548], [4.2590568, 50.8139659], [4.2591082, 50.8138783], [4.2591444, 50.8137467], [4.2593883, 50.8129304], [4.2595956, 50.812197], [4.2598015, 50.8114833], [4.2598656, 50.8112598], [4.2599362, 50.8111185], [4.2599933, 50.8110945], [4.2600672, 50.81107], [4.260137, 50.8110923], [4.2601821, 50.8111026], [4.2602208, 50.8111088], [4.2604376, 50.8111148], [4.2604783, 50.8111079], [4.2605459, 50.8110909], [4.2605726, 50.8110881], [4.260602, 50.8110988], [4.2606362, 50.8111156], [4.2606587, 50.8111282], [4.2607051, 50.8111458], [4.2607639, 50.8111569], [4.2607888, 50.811155], [4.2608702, 50.8111344], [4.2609725, 50.8111184], [4.2610481, 50.81111], [4.2610725, 50.8111139], [4.261118, 50.8111339], [4.2611248, 50.8111695], [4.2611579, 50.8112014], [4.2612262, 50.811225], [4.2612801, 50.8112291], [4.2613309, 50.8112115], [4.2613662, 50.8111829], [4.2613779, 50.8111714], [4.2613977, 50.8111616], [4.261412, 50.8111593], [4.2614215, 50.8111592], [4.2614427, 50.8111597], [4.2614592, 50.8111634], [4.2615108, 50.8111832], [4.2615623, 50.8112122], [4.2615762, 50.8112177], [4.2616186, 50.8112261], [4.2616427, 50.8112236], [4.2616941, 50.8111894], [4.2617293, 50.8111742], [4.2617813, 50.8111667], [4.2618583, 50.8111856], [4.2618766, 50.8111873], [4.2618936, 50.8111766], [4.2618903, 50.8111576], [4.2618782, 50.8111279], [4.2618664, 50.8111063], [4.261848, 50.8110947], [4.2618267, 50.8110867], [4.2617822, 50.8110755], [4.2617738, 50.8110707], [4.2617682, 50.8110596], [4.2617712, 50.8110565], [4.2617796, 50.8110525], [4.2619766, 50.81109], [4.2620095, 50.8110963], [4.2620541, 50.8111021], [4.262093, 50.8111066], [4.2621295, 50.8110973], [4.2621682, 50.8110975], [4.2621848, 50.8111021], [4.2622061, 50.8111136], [4.2622227, 50.8111261], [4.2622977, 50.8111978], [4.2623491, 50.8112038], [4.262416, 50.8112062], [4.2625199, 50.8112191], [4.2625411, 50.8112251], [4.2625562, 50.8112297], [4.2625675, 50.8112356], [4.2625729, 50.8112466], [4.2625928, 50.8113038], [4.2626143, 50.811322], [4.2626547, 50.8113239], [4.2627443, 50.8113347], [4.2627683, 50.8113439], [4.2627951, 50.8114161], [4.262837, 50.8114869], [4.2628656, 50.8114996], [4.2629588, 50.8114956], [4.2630753, 50.8114744], [4.2632021, 50.8114874], [4.2633087, 50.8115191], [4.2635211, 50.8115246], [4.2636311, 50.811568], [4.2637542, 50.8115723], [4.263806, 50.8115596], [4.2638864, 50.8115661], [4.2639393, 50.811581], [4.2639952, 50.81157], [4.264043, 50.8115649], [4.2640784, 50.8115443], [4.2641457, 50.8115316], [4.2641933, 50.811538], [4.2642527, 50.8115781], [4.264295, 50.8115978], [4.2643532, 50.8116125], [4.2643767, 50.81161], [4.2644016, 50.8116048], [4.264427, 50.8116026], [4.2645283, 50.8116307], [4.2645742, 50.8116392], [4.2647547, 50.8116482], [4.2648023, 50.8116591], [4.2648749, 50.8116752], [4.2649678, 50.8116902], [4.2651037, 50.8117414], [4.2652989, 50.8117783], [4.2653583, 50.8117898], [4.2653904, 50.811786], [4.2654228, 50.8117848], [4.265562, 50.8117884], [4.2655926, 50.8117964], [4.2656443, 50.8118159], [4.2656669, 50.8118151], [4.2656806, 50.8118104], [4.2657349, 50.811749], [4.2658035, 50.8116881], [4.2658777, 50.811615], [4.265895, 50.8116069], [4.26591, 50.8116028], [4.266063, 50.8116628], [4.2660937, 50.8116651], [4.2661118, 50.8116531], [4.2661268, 50.8116356], [4.2661454, 50.8116214], [4.2662262, 50.8115805], [4.2662428, 50.8115694], [4.2662445, 50.8115297], [4.2662599, 50.8115165], [4.2662949, 50.8115191], [4.2663183, 50.8115265], [4.2663368, 50.8115351], [4.2663635, 50.8115518], [4.2664173, 50.8115909], [4.2664793, 50.8116028], [4.266545, 50.8116096], [4.2666194, 50.8116161], [4.2666541, 50.8116156], [4.2668387, 50.8116078], [4.2669111, 50.811618], [4.2670228, 50.8116298], [4.2670677, 50.8116303], [4.2671127, 50.8116167], [4.2671986, 50.8115982], [4.2672443, 50.8115991], [4.2672742, 50.8116035], [4.2673012, 50.8115991], [4.2673266, 50.81159], [4.2673536, 50.8115777], [4.2673828, 50.811567], [4.2674135, 50.8115594], [4.2674249, 50.811558], [4.2674393, 50.8115575], [4.2674762, 50.8115678], [4.2675259, 50.811594], [4.2675479, 50.8115975], [4.267655, 50.8116062], [4.2676834, 50.8116116], [4.2677452, 50.8116267], [4.2678066, 50.8116344], [4.2678362, 50.8116425], [4.2678755, 50.8116575], [4.2678865, 50.8116634], [4.2679182, 50.8116888], [4.2679326, 50.8116975], [4.2679641, 50.8117097], [4.2680063, 50.8117153], [4.2680534, 50.8117165], [4.2680849, 50.8117252], [4.2681033, 50.8117405], [4.2680957, 50.811788], [4.268129, 50.8118373], [4.2681322, 50.811876], [4.2680657, 50.8119918], [4.2681496, 50.8120189], [4.2682319, 50.8120275], [4.2682956, 50.8119792], [4.2683588, 50.8119926], [4.2684572, 50.8120279], [4.2685545, 50.8120394], [4.2686719, 50.8120255], [4.2687318, 50.8120144], [4.268819, 50.8120298], [4.2689255, 50.8120205], [4.269025, 50.8120276], [4.269105, 50.8120392], [4.2692844, 50.8119719], [4.269314, 50.8119884], [4.2693741, 50.8120425], [4.2697179, 50.8120491], [4.2698806, 50.8121067], [4.2700125, 50.8121009], [4.2701476, 50.8121031], [4.2701691, 50.8120907], [4.2702552, 50.8120407], [4.2703975, 50.8121181], [4.2705041, 50.8121292], [4.2706102, 50.8121403], [4.2706442, 50.8121438], [4.2707376, 50.8121008], [4.2708522, 50.812095], [4.2709, 50.8120834], [4.2709767, 50.8120748], [4.2710245, 50.8120716], [4.2711715, 50.8121012], [4.2713096, 50.8121053], [4.2714853, 50.8120674], [4.2716007, 50.8120906], [4.271663, 50.8121214], [4.2718637, 50.8121685], [4.271901, 50.81216], [4.2719303, 50.8121448], [4.2719852, 50.8121366], [4.2720904, 50.8121525], [4.2722852, 50.812182], [4.2723187, 50.8121726], [4.2723571, 50.8121617], [4.2724287, 50.8121415], [4.272488, 50.8121571], [4.2725635, 50.8121822], [4.272607, 50.8121756], [4.2726114, 50.8121749], [4.2727395, 50.8121431], [4.272778, 50.81214], [4.2728314, 50.8121427], [4.2729167, 50.8121541], [4.272942, 50.8121575], [4.272992, 50.8121537], [4.27306, 50.8121325], [4.273168, 50.8120919], [4.2732287, 50.8120737], [4.2733006, 50.8120561], [4.2733871, 50.8120296], [4.2735244, 50.811963], [4.2737627, 50.8118917], [4.2739066, 50.8118487], [4.274135, 50.8117922], [4.2742814, 50.8117472], [4.274611, 50.8116205], [4.2747839, 50.8115638], [4.2749128, 50.8115289], [4.2750144, 50.8114424], [4.27504, 50.8113991], [4.2750574, 50.8113805], [4.2750804, 50.8113656], [4.2751879, 50.8113175], [4.2752169, 50.8113032], [4.2753347, 50.8112256], [4.2755474, 50.8110297], [4.2756836, 50.8109083], [4.2757201, 50.8108687], [4.2757367, 50.8108449], [4.2757661, 50.8107996], [4.2757782, 50.8107877], [4.2758018, 50.8107756], [4.2758778, 50.8107479], [4.2758995, 50.8107357], [4.2759133, 50.8107201], [4.2759187, 50.8106964], [4.2759572, 50.8106115], [4.275986, 50.8105812], [4.2760132, 50.8105496], [4.2760477, 50.8105199], [4.2760582, 50.8104982], [4.2760302, 50.810455], [4.2760207, 50.8104301], [4.2760197, 50.8104206], [4.2760229, 50.8104059], [4.2760323, 50.8103891], [4.2760528, 50.8103719], [4.2760651, 50.8103498], [4.2760846, 50.8103277], [4.2761251, 50.810297], [4.2761493, 50.8102796], [4.2762136, 50.8102519], [4.2762235, 50.810236], [4.2762182, 50.8102187], [4.2762248, 50.8101939], [4.2762366, 50.8101743], [4.2762529, 50.8101576], [4.2762777, 50.8101393], [4.2763065, 50.8101295], [4.2763488, 50.8101164], [4.2763653, 50.810107], [4.2764285, 50.810069], [4.2764671, 50.8100434], [4.2764758, 50.8100276], [4.276472, 50.8100166], [4.2764175, 50.8099484], [4.2764086, 50.809934], [4.2763898, 50.8098762], [4.2763769, 50.809849], [4.2763697, 50.8098352], [4.2763578, 50.8098239], [4.2763429, 50.8098147], [4.2762779, 50.8098076], [4.2762683, 50.8098008], [4.2762624, 50.8097911], [4.2762648, 50.8097577], [4.2762728, 50.8097255], [4.2763236, 50.8096204], [4.2763947, 50.8095255], [4.2764652, 50.8094264], [4.2764691, 50.80941], [4.2764676, 50.8093794], [4.2764789, 50.8093016], [4.2764918, 50.8092802], [4.27656, 50.8092369], [4.2766131, 50.8091851], [4.2766221, 50.8091642], [4.2766206, 50.8091472], [4.2766009, 50.8091197], [4.2766089, 50.8090703], [4.2766341, 50.8090265], [4.2767144, 50.8089624], [4.2767546, 50.8089034], [4.2767643, 50.8088808], [4.276759, 50.8088602], [4.2767444, 50.8088468], [4.2767379, 50.8088322], [4.2767828, 50.8087202], [4.2767943, 50.8087057], [4.2768144, 50.8086852], [4.2768244, 50.8086666], [4.2768485, 50.8086406], [4.2768843, 50.8085936], [4.276905, 50.8085237], [4.2769122, 50.8084764], [4.2769191, 50.808457], [4.2769665, 50.8084017], [4.2769975, 50.8083453], [4.2770293, 50.808271], [4.2770321, 50.8082504], [4.2770429, 50.8082385], [4.2770733, 50.8082259], [4.2771187, 50.8082088], [4.2771456, 50.8081988], [4.2772066, 50.8081823], [4.277326, 50.808185], [4.2773906, 50.8082114], [4.2774379, 50.8082341], [4.2774975, 50.80826], [4.2776178, 50.8082764], [4.2777385, 50.8082893], [4.2778592, 50.8082987], [4.278108, 50.8082974], [4.2781861, 50.8082805], [4.2783416, 50.8082239], [4.2784397, 50.808205], [4.2784735, 50.8081963], [4.2785067, 50.8081825], [4.2786027, 50.8081223], [4.2786944, 50.8080699], [4.2787572, 50.8080539], [4.2788225, 50.8080715], [4.2788413, 50.8080724], [4.2788767, 50.8080714], [4.2789228, 50.808062], [4.2789606, 50.8080304], [4.278978, 50.8079946], [4.2789797, 50.8079699], [4.2789665, 50.8079114], [4.2789739, 50.8078641], [4.2790043, 50.8078232], [4.2791501, 50.8077608], [4.2792018, 50.8076672], [4.27925, 50.8076189], [4.2792923, 50.8076046], [4.2793204, 50.807602], [4.2793734, 50.8076179], [4.2794531, 50.8076562], [4.2795346, 50.8076783], [4.2795533, 50.8076764], [4.2795914, 50.8076588], [4.2796085, 50.8076432], [4.2796824, 50.8075451], [4.2797595, 50.8075342], [4.2798759, 50.8075247], [4.2799875, 50.8075229], [4.2800799, 50.8075813], [4.2801285, 50.8075909], [4.2801593, 50.8075695], [4.2801904, 50.807534], [4.2802732, 50.8075107], [4.2803476, 50.8075158], [4.2804545, 50.80755], [4.2805356, 50.8075575], [4.2807223, 50.8075548], [4.2808156, 50.8075897], [4.2808531, 50.8076072], [4.2809161, 50.8076244], [4.2810096, 50.8076146], [4.2810581, 50.8075884], [4.2810928, 50.8075625], [4.2811265, 50.807522], [4.2812154, 50.8074982], [4.281337, 50.8075171], [4.2814614, 50.80751], [4.2815393, 50.8074968], [4.2817027, 50.8074562], [4.2817985, 50.8074039], [4.2819853, 50.8073565], [4.2821665, 50.8073023], [4.2822612, 50.8073101], [4.2822942, 50.8073214], [4.282323, 50.8073192], [4.2823422, 50.8073101], [4.2824139, 50.8072551], [4.2824678, 50.807226], [4.2825538, 50.8072092], [4.2826454, 50.8072211], [4.2826737, 50.8072424], [4.2827039, 50.8072374], [4.282727, 50.8072091], [4.2827378, 50.8071714], [4.2827735, 50.8071409], [4.282831, 50.8071461], [4.282945, 50.807192], [4.2830305, 50.8072187], [4.2831605, 50.8072706], [4.283186, 50.8072698], [4.2832384, 50.8072525], [4.283285, 50.8072195], [4.2833153, 50.8072149], [4.2834092, 50.8072379], [4.2834651, 50.8072859], [4.2835355, 50.8073291], [4.283553, 50.8073337], [4.2835749, 50.8073358], [4.2836031, 50.8073284], [4.2836358, 50.807302], [4.2836618, 50.8072633], [4.283663, 50.8072339], [4.283637, 50.8071953], [4.2836171, 50.8071352], [4.2836488, 50.8070761], [4.2836764, 50.8070616], [4.2838245, 50.8070654], [4.2838896, 50.8070739], [4.2840088, 50.807097], [4.2841589, 50.8071723], [4.2842706, 50.8071809], [4.2844736, 50.8072051], [4.2846979, 50.8072437], [4.2848961, 50.8072919], [4.2850755, 50.8073937], [4.2851871, 50.807427], [4.285379, 50.807516], [4.2854744, 50.8075374], [4.2857365, 50.8076795], [4.2858536, 50.8077575], [4.2859773, 50.8078411], [4.2861207, 50.8079365], [4.2861673, 50.8080081], [4.2862116, 50.8081106], [4.2862946, 50.8081374], [4.2864024, 50.8081413], [4.2864328, 50.8081662], [4.2864287, 50.8082134], [4.2864141, 50.8082632], [4.286433, 50.8082706], [4.2864904, 50.808296], [4.2866043, 50.8082958], [4.2867494, 50.8082989], [4.2870566, 50.8083473], [4.287255, 50.8083655], [4.2874257, 50.8083847], [4.2875287, 50.808393], [4.287843, 50.8084085], [4.2879882, 50.8084134], [4.2881193, 50.8084282], [4.288299, 50.8084338], [4.2885056, 50.8084453], [4.2888023, 50.808493], [4.2888832, 50.8085148], [4.288914, 50.8085148], [4.2891769, 50.8085174], [4.2892414, 50.8085458], [4.2893402, 50.8086014], [4.2893794, 50.8086369], [4.2894014, 50.8086614], [4.289428, 50.8086676], [4.2894825, 50.8086544], [4.2895386, 50.8086442], [4.2895864, 50.8086421], [4.2896289, 50.8086557], [4.2897692, 50.8087128], [4.2898496, 50.8087373], [4.2898878, 50.8087489], [4.2899413, 50.8087543], [4.2899967, 50.808755], [4.2900426, 50.8087429], [4.2900974, 50.8087352], [4.2901502, 50.80874], [4.2902036, 50.808749], [4.2905061, 50.8087994], [4.2907046, 50.8088132], [4.2911389, 50.8088362], [4.2911676, 50.8088396], [4.291254, 50.8088556], [4.2913389, 50.8088716], [4.2915017, 50.8088986], [4.2915372, 50.8088557], [4.2915633, 50.8088243], [4.2916224, 50.8087883], [4.2916798, 50.8087622], [4.2917848, 50.8087256], [4.2918747, 50.8086948], [4.2919673, 50.8086847], [4.2920052, 50.8086844], [4.2920866, 50.8086949], [4.2921857, 50.8086986], [4.2922606, 50.8086844], [4.2924834, 50.808637], [4.2925218, 50.8086305], [4.2925642, 50.8086257], [4.2926136, 50.8086289], [4.2926534, 50.8086417], [4.2927267, 50.8086858], [4.2927436, 50.8086927], [4.2928607, 50.8086966], [4.2928898, 50.8087073], [4.2929087, 50.8087222], [4.2929179, 50.8087424], [4.2929426, 50.8088381], [4.2929583, 50.8088768], [4.2929794, 50.8088989], [4.2930097, 50.8089115], [4.2930541, 50.8089164], [4.2930933, 50.8089131], [4.2931187, 50.8089042], [4.2931401, 50.8088951], [4.2931676, 50.8088752], [4.2932024, 50.8088478], [4.2932398, 50.808807], [4.2932681, 50.8087538], [4.2932882, 50.8087352], [4.2933124, 50.8087241], [4.2933493, 50.8087185], [4.2933584, 50.8087009], [4.2933628, 50.8086722], [4.2933549, 50.8086455], [4.2933274, 50.8086117], [4.293327, 50.8085922], [4.2933455, 50.8085665], [4.2934876, 50.8084999], [4.293528, 50.8084794], [4.2936059, 50.8084623], [4.2936316, 50.8084527], [4.2936312, 50.8084358], [4.2935845, 50.8084011], [4.2935669, 50.8083832], [4.2935575, 50.8083636], [4.2935545, 50.8083396], [4.2935652, 50.8083257], [4.293582, 50.8083181], [4.293611, 50.8083124], [4.2936518, 50.8083108], [4.293783, 50.8083158], [4.2938143, 50.8083117], [4.2938382, 50.8083036], [4.2938583, 50.8082832], [4.2938804, 50.8082392], [4.2939362, 50.808207], [4.2939747, 50.8082023], [4.2939988, 50.8082087], [4.2940202, 50.808236], [4.2940584, 50.8082624], [4.2941016, 50.8082815], [4.294122, 50.80828], [4.2941508, 50.8082506], [4.2941767, 50.8082124], [4.2942143, 50.8081931], [4.2942334, 50.8081935], [4.2944352, 50.8082604], [4.2944561, 50.8082792], [4.2945734, 50.8084465], [4.294664, 50.8085659], [4.2947042, 50.8086358], [4.2947504, 50.8087302], [4.2947646, 50.8087809], [4.2948049, 50.8088141], [4.294891, 50.808843], [4.2950031, 50.8088644], [4.2950703, 50.8088874], [4.2953149, 50.8090575], [4.2953767, 50.8090702], [4.295447, 50.8090631], [4.2955297, 50.8090365], [4.2956682, 50.8090657], [4.2957392, 50.8090866], [4.2957931, 50.809114], [4.295839, 50.8091485], [4.2958666, 50.8091807], [4.2959169, 50.8092826], [4.2960576, 50.8094539], [4.2960183, 50.8094843], [4.2958437, 50.8096277], [4.2958217, 50.8097153], [4.2959027, 50.8097406], [4.2964614, 50.8097288], [4.2965, 50.8097479], [4.2963911, 50.8099098], [4.2964248, 50.809984], [4.2965493, 50.8099846], [4.29679, 50.8098916], [4.2968897, 50.8099283], [4.2971747, 50.809877], [4.297361, 50.8098242], [4.2973977, 50.8098523], [4.2973558, 50.8100006], [4.2975778, 50.8100817], [4.2976837, 50.8100661], [4.2977416, 50.8103343], [4.297904, 50.8103331], [4.2979037, 50.8104025], [4.2979025, 50.8105278], [4.2978947, 50.8105663], [4.2978872, 50.8105871], [4.2978669, 50.8106507], [4.2978542, 50.8106993], [4.297829, 50.8108008], [4.2978459, 50.8108974], [4.2978672, 50.8109783], [4.2979016, 50.8110605], [4.2979271, 50.8111176], [4.2979605, 50.8111807], [4.2979682, 50.8111989], [4.2979827, 50.8112352], [4.2980176, 50.811328], [4.2980588, 50.8114128], [4.2981052, 50.8114909], [4.2981505, 50.8115551], [4.2982, 50.8115994], [4.29822, 50.8116174], [4.2983176, 50.8116599], [4.2984343, 50.8116418], [4.2985392, 50.811632], [4.2988102, 50.8116021], [4.2989028, 50.8115953], [4.2989779, 50.8115897], [4.299117, 50.8115813], [4.2991631, 50.8115822], [4.2992087, 50.8115922], [4.2992396, 50.8116055], [4.2992804, 50.8116355], [4.2993062, 50.8116809], [4.2993067, 50.8117137], [4.2992963, 50.8117511], [4.2992818, 50.8117871], [4.2992596, 50.8118245], [4.2992078, 50.8118912], [4.2991886, 50.8119535], [4.299121, 50.8121212], [4.2991212, 50.8121285], [4.2991282, 50.8121508], [4.299143, 50.8121658], [4.2991681, 50.8121795], [4.2992073, 50.812191], [4.2992452, 50.8121981], [4.2992875, 50.8122018], [4.2993753, 50.8122016], [4.2994287, 50.812213], [4.2994473, 50.812229], [4.2994455, 50.8122432], [4.2993912, 50.8122848], [4.2993647, 50.8123208], [4.2993615, 50.812348], [4.2993863, 50.8123718], [4.2994697, 50.8124187], [4.2995019, 50.8124282], [4.2995338, 50.812435], [4.2998006, 50.8124983], [4.2998578, 50.812522], [4.299868, 50.8125419], [4.2998673, 50.8125612], [4.299861, 50.81258], [4.2997259, 50.8126929], [4.2997217, 50.812703], [4.2997267, 50.8127418], [4.2998576, 50.8129061], [4.2999165, 50.8129408], [4.2999842, 50.8129629], [4.300043, 50.812973], [4.3001667, 50.812966], [4.3002144, 50.8129523], [4.3003079, 50.8129339], [4.3003727, 50.8128661], [4.3004434, 50.8128711], [4.300507, 50.8128706], [4.3011022, 50.8127634], [4.3014997, 50.8127821], [4.3016684, 50.8128129], [4.3018026, 50.8128843], [4.3018513, 50.8129535], [4.3018622, 50.8130111], [4.301861, 50.8130513], [4.3025195, 50.8129639], [4.3055513, 50.8125615], [4.3064519, 50.8124433], [4.307122, 50.8123775], [4.3077621, 50.8123169], [4.3083468, 50.8122652], [4.3084112, 50.8124633], [4.308486, 50.8125285], [4.3096335, 50.8130092], [4.3100742, 50.8133782], [4.3103407, 50.8136518], [4.3104092, 50.813784], [4.3106277, 50.8141073], [4.3106807, 50.8142229], [4.3106817, 50.8142542], [4.3106784, 50.8142825], [4.3106569, 50.8143417], [4.3106294, 50.8143787], [4.3105821, 50.8144365], [4.3105287, 50.8144821], [4.310467, 50.8145123], [4.3103737, 50.8145484], [4.3103217, 50.814582], [4.3102904, 50.8146053], [4.3102368, 50.8146459], [4.3102096, 50.8146935], [4.3101706, 50.814753], [4.3100824, 50.8148723], [4.3099701, 50.8150174], [4.3100658, 50.8151058], [4.310122, 50.8151693], [4.3101833, 50.815245], [4.3102078, 50.8152863], [4.31022, 50.8153415], [4.3102257, 50.8154023], [4.3099987, 50.8154876], [4.3097852, 50.8155786], [4.308656, 50.8160552], [4.3081094, 50.8163204], [4.3081214, 50.8164003], [4.3082564, 50.816778], [4.3081049, 50.816916], [4.3080419, 50.8169783], [4.3080082, 50.817061], [4.3079913, 50.8170952], [4.3079577, 50.8171456], [4.307955, 50.8171647], [4.3079871, 50.8171953], [4.3080225, 50.8172137], [4.3080847, 50.8172177], [4.3081487, 50.8172332], [4.3083061, 50.8172883], [4.3084842, 50.8173924], [4.3088413, 50.8176057], [4.3089963, 50.8176774], [4.3092044, 50.8177386], [4.3097721, 50.8178637], [4.3099082, 50.8179164], [4.3102588, 50.8181348], [4.3104068, 50.818339], [4.3106864, 50.8187705], [4.3107317, 50.8188594], [4.3107627, 50.8189296], [4.3107744, 50.8189711], [4.31077, 50.8191021], [4.3107387, 50.8193538], [4.3106887, 50.8197793], [4.3106911, 50.8198498], [4.3107019, 50.8199237], [4.3107662, 50.8199864], [4.3108343, 50.8200011], [4.3112273, 50.820032], [4.3120324, 50.8200911], [4.3123609, 50.8201105], [4.3126076, 50.8201436], [4.3127232, 50.820174], [4.3128102, 50.8202], [4.3129505, 50.8202646], [4.3130322, 50.820351], [4.3131517, 50.8205557], [4.3132563, 50.8206883], [4.3133497, 50.8207611], [4.3134312, 50.8208109], [4.3135812, 50.8208818], [4.313677, 50.8209103], [4.3138705, 50.8209394], [4.3142165, 50.8209769], [4.3144338, 50.8210152], [4.3146725, 50.8210839], [4.3151888, 50.8212618], [4.3154611, 50.8213522], [4.31594, 50.8215452], [4.316105, 50.8216281], [4.3163774, 50.8216852], [4.3165158, 50.8217282], [4.3168055, 50.8218271], [4.3169919, 50.8218928], [4.3172405, 50.8219915], [4.3175002, 50.8220914], [4.3178509, 50.8222229], [4.3180857, 50.8223204], [4.3182596, 50.8224585], [4.3185379, 50.8227423], [4.3188131, 50.8230137], [4.3191213, 50.8234607], [4.3191326, 50.8234638], [4.3191667, 50.8234675], [4.3192261, 50.8234702], [4.3193344, 50.8234735], [4.3193395, 50.8235033], [4.3193426, 50.823549], [4.3193221, 50.8236163], [4.3193257, 50.8237081], [4.3193967, 50.8238024], [4.3195949, 50.8239243], [4.3197951, 50.8240113], [4.3199858, 50.8240875], [4.3200668, 50.8241107], [4.3201523, 50.8241367], [4.3203864, 50.8242274], [4.3204912, 50.824295], [4.3207471, 50.8244663], [4.3209473, 50.824612], [4.3210127, 50.8246842], [4.321065, 50.8247674], [4.3210505, 50.8249305], [4.3211053, 50.8252822], [4.3211235, 50.8253327], [4.3211624, 50.825409], [4.321378, 50.8257051], [4.3215009, 50.825905], [4.3215674, 50.8260237], [4.3215349, 50.8262125], [4.321518, 50.8263543], [4.3215043, 50.8265019], [4.3215443, 50.8265515], [4.3217861, 50.8268106], [4.3218672, 50.8268805], [4.3219279, 50.8269268], [4.322003, 50.8269792], [4.3225069, 50.827325], [4.3226641, 50.827469], [4.3227233, 50.8275294], [4.3228849, 50.8276739], [4.3230219, 50.8277752], [4.323105, 50.8278312], [4.323272, 50.8279362], [4.3233889, 50.8280044], [4.3235394, 50.8281377], [4.3236192, 50.8282485], [4.3237422, 50.8284361], [4.3237769, 50.8285103], [4.3238264, 50.8286067], [4.3238716, 50.8286428], [4.3239171, 50.8286689], [4.3240101, 50.8287014], [4.324077, 50.8287073], [4.3241149, 50.8287096], [4.3241828, 50.8287113], [4.3243932, 50.8286744], [4.324502, 50.8286598], [4.3246235, 50.8286757], [4.3247543, 50.8286793], [4.3248597, 50.8287005], [4.3250003, 50.8287613], [4.3250867, 50.8288546], [4.3252595, 50.8291485], [4.3253353, 50.8293337], [4.325402, 50.8295309], [4.3254305, 50.8296173], [4.3254811, 50.8297117], [4.3255686, 50.8299082], [4.3256612, 50.8301152], [4.3257144, 50.8302207], [4.3258566, 50.8305027], [4.3259014, 50.8305476], [4.3260481, 50.830692], [4.3261094, 50.8307242], [4.3263482, 50.8308167], [4.3264868, 50.830861], [4.3269825, 50.8309976], [4.3275925, 50.8310959], [4.3284232, 50.8312466], [4.3292697, 50.8313959], [4.3294241, 50.8314318], [4.32952, 50.8314653], [4.3295925, 50.8314988], [4.3296526, 50.8315379], [4.3302957, 50.832017], [4.3303971, 50.8321122], [4.3304681, 50.8321913], [4.3305106, 50.8322533], [4.3305455, 50.8323122], [4.3305663, 50.8323579], [4.3305837, 50.8324137], [4.330644, 50.8327018], [4.3306789, 50.8328662], [4.3307047, 50.8329647], [4.3307275, 50.8330249], [4.3307587, 50.8330863], [4.3307953, 50.8331418], [4.3308345, 50.8331899], [4.3308831, 50.8332443], [4.3309384, 50.8332998], [4.3310923, 50.8334321], [4.331456, 50.8337284], [4.3322191, 50.8343287], [4.3321646, 50.8347274], [4.3321639, 50.8348636], [4.3321736, 50.8348969], [4.3321893, 50.834911], [4.3321922, 50.8349161], [4.3321986, 50.8349215], [4.3322425, 50.8350878], [4.3323124, 50.8351466], [4.3326795, 50.835325], [4.3327564, 50.8354261], [4.3327519, 50.8355112], [4.3327053, 50.8356457], [4.3326757, 50.8357178], [4.3326701, 50.8357822], [4.3327006, 50.8358933], [4.3330176, 50.8361499], [4.3332051, 50.836474], [4.333397, 50.8366471], [4.3335826, 50.8367112], [4.3336836, 50.8367264], [4.3344779, 50.8371712], [4.3348013, 50.8373154], [4.3350092, 50.8375353], [4.3351934, 50.8377074], [4.3355279, 50.8379165], [4.3356635, 50.8379844], [4.3357791, 50.8380483], [4.3358609, 50.8381188], [4.3359498, 50.8382125], [4.3359628, 50.838309], [4.3359527, 50.838467], [4.335979, 50.838525], [4.3359848, 50.838845], [4.3360477, 50.8389383], [4.3366235, 50.839232], [4.3367832, 50.8393103], [4.3372002, 50.8394601], [4.337876, 50.8396795], [4.338125, 50.8397722], [4.3383227, 50.8398709], [4.3386295, 50.8400418], [4.3387943, 50.8401335], [4.3388566, 50.8401489], [4.3390329, 50.8401687], [4.3394817, 50.8401847], [4.3399536, 50.8402288], [4.3401124, 50.840252], [4.3399637, 50.8406205], [4.3397747, 50.8410931], [4.3390633, 50.8428861], [4.3386998, 50.8438637], [4.3384203, 50.8446155], [4.3383371, 50.8448078], [4.338014, 50.8458239], [4.3379365, 50.8461914], [4.3378781, 50.8464503], [4.3360065, 50.8464013], [4.3359248, 50.846786], [4.3356357, 50.8481466], [4.335374, 50.8481258], [4.3349865, 50.8481036], [4.3347982, 50.8480901], [4.334611, 50.84807], [4.3343131, 50.8480065], [4.3341197, 50.8479643], [4.3338611, 50.8479118], [4.3337181, 50.84788], [4.3335168, 50.847795], [4.3331612, 50.8475184], [4.3328479, 50.8473302], [4.3326241, 50.8471781], [4.3324253, 50.8470037], [4.3322378, 50.8468334], [4.3321158, 50.846669], [4.3320163, 50.8465136], [4.3319274, 50.8463657], [4.331801, 50.8460957], [4.331676, 50.8457524], [4.3315775, 50.845509], [4.33142, 50.8451351], [4.3313122, 50.845022], [4.3312396, 50.8449451], [4.3311725, 50.8448789], [4.3310519, 50.8447326], [4.3309698, 50.8446317], [4.3309228, 50.8445735], [4.330869, 50.8444984], [4.3308457, 50.84447], [4.3307253, 50.8442913], [4.3307269, 50.844202], [4.3307277, 50.8441721], [4.3307309, 50.8439734], [4.3305412, 50.8439715], [4.3303166, 50.8440898], [4.3301281, 50.8441359], [4.3300308, 50.8441564], [4.3299594, 50.8441926], [4.3297774, 50.844313], [4.3296942, 50.844338], [4.329622, 50.8443719], [4.3294853, 50.8444504], [4.3293488, 50.8445345], [4.3293137, 50.8445429], [4.3292416, 50.8445396], [4.3291541, 50.8445295], [4.328928, 50.8444394], [4.3287152, 50.8443514], [4.3281336, 50.844044], [4.3272489, 50.8449927], [4.3262031, 50.8452978], [4.3257285, 50.8454381], [4.3248593, 50.8456916], [4.3238634, 50.8459838], [4.3230778, 50.8462156], [4.3217736, 50.8466175], [4.321016, 50.8468503], [4.3204055, 50.8470378], [4.3199708, 50.8471698], [4.3194693, 50.8473221], [4.3190932, 50.8474381], [4.3189047, 50.847495], [4.3187179, 50.847551], [4.3186224, 50.8475791], [4.3184246, 50.8476471], [4.3182389, 50.8477051], [4.3181263, 50.8477423], [4.3179264, 50.8478083], [4.3177813, 50.8478543], [4.3175713, 50.8479208], [4.3171892, 50.8480391], [4.3165501, 50.8482403], [4.3163052, 50.8483175], [4.3159732, 50.8484323], [4.3158499, 50.8484622], [4.3156196, 50.8485106], [4.3153731, 50.8485618], [4.3152375, 50.8485896], [4.315016, 50.8486413], [4.314756, 50.8487025], [4.314557, 50.8487489], [4.3144098, 50.8487803], [4.3142137, 50.8488213], [4.3140533, 50.8488547], [4.3136852, 50.8489313], [4.3130898, 50.8492947], [4.3124784, 50.8496908], [4.3107188, 50.8502041], [4.3105484, 50.8502378], [4.3104232, 50.8502971], [4.3102829, 50.8503195], [4.3096316, 50.8502974], [4.3095317, 50.8502549], [4.3094374, 50.850202], [4.3091847, 50.8501042], [4.3090061, 50.8500608], [4.3088571, 50.8500008], [4.3085029, 50.8499356], [4.3083411, 50.8498791], [4.3081534, 50.8497956], [4.3081107, 50.8498496], [4.3080364, 50.8499676], [4.3079019, 50.8499042], [4.3078231, 50.8498735], [4.3076887, 50.8498308], [4.3076343, 50.8498126], [4.307557, 50.849782], [4.3073977, 50.849784], [4.3073554, 50.849785], [4.3072682, 50.8497914], [4.3071188, 50.8497486], [4.3070893, 50.8497404], [4.3070088, 50.8497081], [4.3069325, 50.8496768], [4.3068665, 50.8496453], [4.3067158, 50.8495672], [4.3066372, 50.8495466], [4.3065207, 50.8494987], [4.3060891, 50.8493238], [4.3058265, 50.849221], [4.3056723, 50.8491603], [4.3055436, 50.849109], [4.3054801, 50.849082], [4.3054551, 50.8490704], [4.3054025, 50.8490431], [4.3052878, 50.8489808], [4.3051112, 50.8488876], [4.3049843, 50.8488276], [4.3049084, 50.8487845], [4.3048306, 50.8487367], [4.3047269, 50.8485971], [4.3047066, 50.8485834], [4.3044044, 50.8484634], [4.3042969, 50.8483845], [4.3039773, 50.8482675], [4.3038492, 50.8482507], [4.3037945, 50.8482485], [4.3037553, 50.8482479], [4.3034676, 50.8482165], [4.3032241, 50.848187], [4.3031552, 50.8481813], [4.302933, 50.8481484], [4.3028384, 50.848253], [4.302788, 50.8483146], [4.3027333, 50.8483681], [4.3026801, 50.8484153], [4.3026104, 50.8485119], [4.3024205, 50.8485187], [4.3022963, 50.8485204], [4.302179, 50.8485155], [4.3019435, 50.8485322], [4.3018388, 50.8485325], [4.3014, 50.8485264], [4.3011396, 50.848523], [4.3010232, 50.848527], [4.3009541, 50.848542], [4.3008619, 50.8485687], [4.300853, 50.8485726], [4.3008116, 50.848602], [4.3007538, 50.8486623], [4.3007164, 50.8487245], [4.3006801, 50.8487874], [4.3006554, 50.8488098], [4.3005885, 50.8488722], [4.3005528, 50.8489056], [4.3005275, 50.8489251], [4.3004798, 50.8489544], [4.3002585, 50.8490549], [4.3000765, 50.8491333], [4.3000474, 50.8491456], [4.3000195, 50.8491552], [4.3000016, 50.8491589], [4.2997993, 50.8491893], [4.2997342, 50.8491913], [4.2998256, 50.848629], [4.2998693, 50.8483727], [4.2998694, 50.8483529], [4.2998161, 50.8476749], [4.299816, 50.8476353], [4.2998277, 50.8473792], [4.2990918, 50.847373], [4.2975117, 50.8473671], [4.2968074, 50.8473684], [4.2967129, 50.8473998], [4.2966328, 50.8474167], [4.2965477, 50.8474353], [4.2963513, 50.8474662], [4.2961631, 50.8474925], [4.2959079, 50.8475245], [4.2956645, 50.8475463], [4.29552, 50.8475575], [4.2954294, 50.8475661], [4.2952178, 50.8475979], [4.2946013, 50.8475389], [4.2945708, 50.847514], [4.2944146, 50.8474398], [4.2943049, 50.8473578], [4.2942676, 50.8473421], [4.2940029, 50.8476827], [4.293956, 50.8477452], [4.293864, 50.8478813], [4.293811, 50.8479827], [4.293786, 50.8481245], [4.2937354, 50.8483094], [4.2936581, 50.8486434], [4.2935471, 50.8491641], [4.293506, 50.8494356], [4.2924351, 50.8494749], [4.2923845, 50.8489948], [4.2919852, 50.8489939], [4.2918659, 50.848987], [4.2915257, 50.8489838], [4.2914179, 50.8489982], [4.2912354, 50.8490091], [4.2911559, 50.8490106], [4.2909231, 50.8490358], [4.2904469, 50.8490625], [4.2915848, 50.8471794], [4.2916151, 50.8471292], [4.2918527, 50.8469189], [4.2918861, 50.846881], [4.2918863, 50.8468441], [4.291869, 50.8468157], [4.2919649, 50.8466772], [4.2922822, 50.8462758], [4.2929581, 50.8462926], [4.2929963, 50.845819], [4.2930046, 50.845715], [4.2930328, 50.8452982], [4.2924659, 50.8452095], [4.2921984, 50.8451867], [4.292008, 50.8452013], [4.291717, 50.8452231], [4.2915637, 50.845212], [4.2913168, 50.8452019], [4.2912926, 50.8451982], [4.2912169, 50.8451978], [4.291164, 50.8452001], [4.2910887, 50.8452009], [4.2909547, 50.8452127], [4.290782, 50.8452354], [4.2904883, 50.8452696], [4.2902764, 50.8452747], [4.2901106, 50.8452892], [4.2901074, 50.8452872], [4.2897282, 50.8453348], [4.289348, 50.845388], [4.2889432, 50.8454237], [4.2887167, 50.8454331], [4.2885894, 50.8454314], [4.2883333, 50.8454098], [4.2882958, 50.8454089], [4.2880311, 50.8453716], [4.2878738, 50.8453536], [4.287497, 50.8453116], [4.2874034, 50.8453032], [4.2871134, 50.8452781], [4.2868836, 50.8452327], [4.2866077, 50.8451709], [4.2862351, 50.8451437], [4.2854384, 50.8451834], [4.2853106, 50.8451961], [4.2852214, 50.8452112], [4.2850456, 50.8452315], [4.2848583, 50.8452651], [4.2846154, 50.8452983], [4.2846531, 50.8451695], [4.2846848, 50.8450386], [4.2846952, 50.8449997], [4.2846972, 50.8449535], [4.2846546, 50.8445999], [4.2846264, 50.8443933], [4.2845768, 50.844022], [4.2845439, 50.8438996], [4.2845255, 50.8438535], [4.2844554, 50.843784], [4.2843544, 50.8437765], [4.2838895, 50.8437857], [4.2836172, 50.8437971], [4.2836782, 50.8431411], [4.2837905, 50.8419435], [4.2835384, 50.8418973], [4.2833056, 50.8418306], [4.2837168, 50.8406573], [4.2829132, 50.840568], [4.2830216, 50.8401788], [4.2816133, 50.840054], [4.2816495, 50.8398974], [4.2817274, 50.8395618], [4.281735, 50.8395294], [4.2827466, 50.8396023], [4.282879, 50.8387755], [4.282844, 50.8387703], [4.2829128, 50.8381142], [4.2829404, 50.8378502], [4.2828246, 50.8378586], [4.2827485, 50.837855], [4.2825769, 50.837854], [4.2824706, 50.83785], [4.282383, 50.8378402], [4.282313, 50.8378379], [4.2821689, 50.8378408], [4.2820629, 50.837811], [4.2815678, 50.8378611], [4.2810844, 50.8378714], [4.2810304, 50.837873], [4.280701, 50.8378742], [4.2805627, 50.8378791], [4.2802148, 50.8379054], [4.2800786, 50.8379207], [4.2798649, 50.8379395], [4.2797803, 50.8379456], [4.2796522, 50.8379457], [4.2795439, 50.8379359], [4.2793815, 50.8378956], [4.2792482, 50.8378749], [4.2791474, 50.8378628], [4.2790052, 50.8378504], [4.2788576, 50.8378398], [4.2787548, 50.8378315], [4.2786765, 50.8378164], [4.2785711, 50.8378046], [4.2784985, 50.8378051], [4.2784577, 50.8378192], [4.278416, 50.8378103], [4.2783817, 50.8378123], [4.2783566, 50.8378073], [4.2781074, 50.8378113], [4.2780355, 50.8378263], [4.2779755, 50.8378448], [4.2779021, 50.8378566], [4.2777977, 50.8378556], [4.2777249, 50.8378465], [4.2776469, 50.8378537], [4.2775682, 50.8378683], [4.2774553, 50.8379143], [4.2773946, 50.8379468], [4.2772599, 50.8380343], [4.2772204, 50.8380492], [4.2771552, 50.8380623], [4.2770913, 50.8380799], [4.2770367, 50.838102], [4.2769933, 50.838138], [4.2769457, 50.8381581], [4.276854, 50.8381691], [4.2768116, 50.8381884], [4.2767566, 50.8382398], [4.2767127, 50.8382706], [4.276637, 50.8382984], [4.2765838, 50.838289], [4.2765457, 50.838291], [4.2764994, 50.8383016], [4.2764391, 50.8383414], [4.2764096, 50.8383702], [4.2763591, 50.8384347], [4.2763337, 50.8384465], [4.2762376, 50.8384541], [4.276178, 50.838483], [4.2760567, 50.8385368], [4.2759494, 50.8386033], [4.2758893, 50.8386403], [4.2756775, 50.8387327], [4.2756108, 50.8387447], [4.2755575, 50.8387509], [4.2755169, 50.8387714], [4.2754608, 50.8388146], [4.2754207, 50.838857], [4.2753922, 50.8388639], [4.2752856, 50.8388645], [4.2752427, 50.8388801], [4.2751878, 50.8389173], [4.2751562, 50.8389259], [4.2744602, 50.8387257], [4.274417, 50.8387093], [4.2744069, 50.8387006], [4.2744008, 50.838675], [4.2743899, 50.8386288], [4.2743788, 50.8386159], [4.2743486, 50.8385996], [4.2743069, 50.8385915], [4.2742613, 50.838589], [4.2742237, 50.838594], [4.2740639, 50.8386244], [4.273947, 50.8386195], [4.273909, 50.8386248], [4.2738359, 50.8386588], [4.2736221, 50.8386782], [4.2735319, 50.8386603], [4.2734564, 50.8386551], [4.2733597, 50.8386566], [4.273232, 50.8386798], [4.273221, 50.8386477], [4.2730032, 50.8380134], [4.2729065, 50.8380219], [4.2727864, 50.8378167], [4.272714, 50.8377315], [4.2725916, 50.8376237], [4.2719286, 50.8371102], [4.2718841, 50.8370551], [4.2718627, 50.8370074], [4.2718588, 50.8369572], [4.271858, 50.8369476], [4.2718784, 50.8368408], [4.2718818, 50.8368229], [4.2718941, 50.8367589], [4.2719116, 50.8366981], [4.2719326, 50.8366446], [4.2719734, 50.8364609], [4.2719735, 50.8364605], [4.2719199, 50.8362701], [4.2719033, 50.836211], [4.2714693, 50.8362355], [4.2712515, 50.8362478], [4.2691597, 50.8363508], [4.2687927, 50.8363477], [4.2684194, 50.8363293], [4.2681055, 50.836305], [4.2675495, 50.8362424], [4.2671091, 50.8361866], [4.2661681, 50.8360706], [4.2645475, 50.8358718], [4.2645265, 50.8358025], [4.2644776, 50.8356412], [4.2644444, 50.8355318], [4.2635593, 50.8355667], [4.2634802, 50.8353377], [4.2631074, 50.8353584], [4.262929, 50.8353775], [4.2627834, 50.8354073], [4.262665, 50.8354377], [4.2618836, 50.835182], [4.2602921, 50.8353962], [4.2602847, 50.8353972], [4.2587679, 50.8359858], [4.2583953, 50.8357727], [4.2571678, 50.8353455], [4.2563639, 50.8349343], [4.2557189, 50.8343656], [4.2555192, 50.8341915], [4.2554243, 50.8341066], [4.2546905, 50.8335536], [4.2546813, 50.8335373], [4.2546705, 50.8335181], [4.2546637, 50.8334204], [4.2546795, 50.8333391], [4.2546802, 50.8333356], [4.2547969, 50.8331213], [4.2551604, 50.8329032], [4.2551402, 50.8328922], [4.2546391, 50.8326201], [4.2546031, 50.8326006], [4.2545549, 50.8325744], [4.2544592, 50.8324366], [4.2544305, 50.8323818], [4.2544237, 50.8323284], [4.2544316, 50.8322725], [4.2544574, 50.8322138], [4.254504, 50.8321473], [4.25456, 50.8320817], [4.2547915, 50.8318363], [4.2548331, 50.8317446], [4.2548946, 50.8316941], [4.2552118, 50.8314334], [4.2555852, 50.8304423], [4.2555918, 50.8304248], [4.2556692, 50.8303981], [4.2556583, 50.8300662], [4.255649, 50.8297812], [4.2556341, 50.8293243], [4.2550919, 50.8292977], [4.255051, 50.8289245], [4.2550447, 50.8288105], [4.2550448, 50.828779], [4.2550448, 50.8287761], [4.2552005, 50.8286298], [4.2555148, 50.8284533], [4.2554602, 50.8283237], [4.2553802, 50.8281399], [4.2553275, 50.8280189], [4.2553127, 50.8279849], [4.2552512, 50.8278439], [4.2552462, 50.8278325], [4.2551187, 50.827582], [4.2548287, 50.8270157], [4.25431, 50.8262863], [4.2539027, 50.8258845], [4.2531563, 50.8251469], [4.2511811, 50.8242196], [4.2508417, 50.8243805], [4.2497516, 50.8235688], [4.2481173, 50.8223305], [4.2479386, 50.8221951], [4.2476042, 50.8219406], [4.2470097, 50.8215331], [4.2453656, 50.8205113], [4.244301, 50.8198943], [4.2437658, 50.8195819]]]}}, {"type": "Feature", "properties": {"name": "Auderghem"}, "geometry": {"type": "Polygon", "coordinates": [[[4.3941907, 50.8172595], [4.3949868, 50.8165782], [4.3951991, 50.8164208], [4.3955989, 50.8160607], [4.396066, 50.815734], [4.3965203, 50.8153728], [4.3968772, 50.8150186], [4.3970502, 50.8147347], [4.3970098, 50.8147251], [4.3971575, 50.814458], [4.3975726, 50.8139538], [4.397649, 50.8139706], [4.3980394, 50.8132949], [4.3982383, 50.8133817], [4.3984103, 50.8134736], [4.3986269, 50.8135579], [4.3987979, 50.8136357], [4.3996437, 50.8139541], [4.3999035, 50.8140241], [4.4001546, 50.8140318], [4.4004902, 50.8140144], [4.4007107, 50.813985], [4.4009388, 50.8139777], [4.401126, 50.8139982], [4.4013063, 50.8140653], [4.4015618, 50.8142039], [4.4018818, 50.8143716], [4.4020916, 50.8144645], [4.4022942, 50.8145309], [4.4028207, 50.8146528], [4.4029091, 50.8146959], [4.4036208, 50.8148513], [4.4039777, 50.8148803], [4.4045372, 50.8148988], [4.4049464, 50.8149201], [4.4055143, 50.8150277], [4.4056664, 50.8150336], [4.4063152, 50.8150241], [4.4062818, 50.8148749], [4.4063033, 50.8146578], [4.406274, 50.8145337], [4.4062922, 50.8139648], [4.4063166, 50.8138037], [4.4063769, 50.8136764], [4.4064619, 50.8130803], [4.4064592, 50.8130106], [4.4063616, 50.812386], [4.4088725, 50.8124492], [4.4092611, 50.8124722], [4.4094691, 50.8125041], [4.4098008, 50.8125759], [4.4106859, 50.8128188], [4.4124146, 50.8132746], [4.4125945, 50.8133084], [4.4129426, 50.8133332], [4.4143705, 50.8132179], [4.4144695, 50.8129393], [4.4146352, 50.8127324], [4.4146993, 50.812632], [4.4147619, 50.812649], [4.4147992, 50.8125972], [4.4148457, 50.8125515], [4.4149645, 50.8125184], [4.4156562, 50.8123704], [4.4160178, 50.8123099], [4.4163431, 50.8122731], [4.416794, 50.812283], [4.4171855, 50.812321], [4.4174306, 50.812356], [4.4180618, 50.8124085], [4.4181185, 50.8122204], [4.4181065, 50.8120873], [4.4181203, 50.8120002], [4.418295, 50.8118006], [4.4183975, 50.81166], [4.4185645, 50.8115085], [4.4188741, 50.8110972], [4.419352, 50.8106007], [4.4207099, 50.810585], [4.4212983, 50.8105653], [4.4216809, 50.810624], [4.4219297, 50.8107449], [4.4223856, 50.8109885], [4.4250585, 50.8105642], [4.4255161, 50.8104916], [4.4284665, 50.8100152], [4.4284972, 50.8099373], [4.4285964, 50.8098938], [4.4286561, 50.8098345], [4.4286706, 50.8097928], [4.4286723, 50.8097304], [4.4286571, 50.8096414], [4.4286475, 50.8093398], [4.4284769, 50.8089026], [4.4286774, 50.8086254], [4.4287063, 50.8085976], [4.4288541, 50.8083932], [4.4289578, 50.8083007], [4.4290146, 50.8082761], [4.4292909, 50.8079277], [4.4292921, 50.8078631], [4.4292053, 50.8076148], [4.4291318, 50.8073065], [4.42903, 50.8070688], [4.4290121, 50.807009], [4.4290015, 50.8069399], [4.4290587, 50.8067962], [4.42907, 50.8067359], [4.4290622, 50.8067037], [4.4289443, 50.8064759], [4.4288598, 50.8063756], [4.4285374, 50.8061957], [4.4283402, 50.8060302], [4.4282932, 50.8059539], [4.4283173, 50.8058896], [4.4282551, 50.8058743], [4.4282392, 50.8058027], [4.4282377, 50.8057111], [4.4282563, 50.8055714], [4.4282747, 50.8054783], [4.4283358, 50.8052728], [4.4283226, 50.8051656], [4.4284419, 50.8051118], [4.4286783, 50.8050616], [4.4294644, 50.8047714], [4.4293762, 50.804421], [4.4291514, 50.8041409], [4.4293958, 50.8040832], [4.4292272, 50.8038922], [4.4296125, 50.8037048], [4.4303919, 50.8033371], [4.4311294, 50.8030006], [4.4315233, 50.8028236], [4.4320949, 50.8025503], [4.4323244, 50.8024637], [4.4326974, 50.8022889], [4.4331966, 50.8020708], [4.4340711, 50.8016887], [4.4358234, 50.8009232], [4.4393299, 50.7993908], [4.4435201, 50.7975597], [4.4453613, 50.7977277], [4.4453783, 50.797718], [4.4484522, 50.7979962], [4.4489955, 50.7980768], [4.4497423, 50.79836], [4.4501403, 50.7985097], [4.4511412, 50.7987638], [4.4529615, 50.7958584], [4.453746, 50.7945591], [4.4553237, 50.7919683], [4.4562345, 50.7917683], [4.4569499, 50.791618], [4.4575321, 50.7914829], [4.4578237, 50.7914252], [4.4580965, 50.7913672], [4.4585821, 50.791251], [4.461415, 50.7906418], [4.4617162, 50.7905822], [4.4618409, 50.7905531], [4.4619174, 50.7905414], [4.4621365, 50.790515], [4.4624002, 50.7905006], [4.4647772, 50.7904917], [4.4655266, 50.7904893], [4.4660506, 50.7904827], [4.4662476, 50.7904772], [4.4664322, 50.7904697], [4.4665602, 50.7904601], [4.4668262, 50.7904214], [4.4673278, 50.7903343], [4.4684576, 50.7901124], [4.4690638, 50.7899985], [4.46956, 50.7899098], [4.4700452, 50.7898252], [4.4702296, 50.7897931], [4.4702733, 50.7897632], [4.4723224, 50.7903085], [4.4724841, 50.7903515], [4.4746209, 50.7909301], [4.4761123, 50.7913224], [4.4798581, 50.7923372], [4.4798966, 50.7923471], [4.4805156, 50.7925155], [4.4822711, 50.7929907], [4.481637, 50.7932402], [4.4816729, 50.7932806], [4.480227, 50.7939156], [4.4806067, 50.7942247], [4.4770894, 50.7956848], [4.4763234, 50.7960314], [4.4736789, 50.7971482], [4.4698783, 50.7987406], [4.4653381, 50.8006572], [4.4649984, 50.8008002], [4.4649477, 50.8008215], [4.464897, 50.8008428], [4.464846, 50.8008643], [4.464795, 50.8008858], [4.4646536, 50.8009453], [4.463325, 50.8015033], [4.4599122, 50.8029397], [4.4572885, 50.8040389], [4.4560807, 50.8045529], [4.4529174, 50.8058817], [4.4471762, 50.8082973], [4.4473447, 50.8083256], [4.4475757, 50.8083645], [4.4480337, 50.8084415], [4.4491495, 50.8086291], [4.4502608, 50.8086806], [4.4507692, 50.8085578], [4.4513632, 50.8083694], [4.4515886, 50.8083312], [4.4517855, 50.8083475], [4.4528253, 50.8085], [4.4530086, 50.8085809], [4.4532296, 50.8087182], [4.45452, 50.8098909], [4.454825, 50.8100924], [4.4550002, 50.8101512], [4.4551834, 50.8101877], [4.4565721, 50.8100382], [4.4574605, 50.8101808], [4.4575972, 50.8102027], [4.4576268, 50.8102249], [4.4577485, 50.8103391], [4.4578561, 50.8103866], [4.4578873, 50.8104273], [4.4578959, 50.8105092], [4.4578389, 50.8106575], [4.457623, 50.8106578], [4.4566101, 50.8105322], [4.4560575, 50.8105124], [4.4551239, 50.810546], [4.4548724, 50.8104896], [4.4545474, 50.8103312], [4.4545332, 50.8103227], [4.4543067, 50.8101871], [4.4542884, 50.8101762], [4.4539252, 50.8098692], [4.453426, 50.8095105], [4.4528698, 50.8090933], [4.4527522, 50.8090356], [4.452578, 50.8089859], [4.4521452, 50.8089402], [4.4519419, 50.8089341], [4.451612, 50.8090028], [4.4511673, 50.8091498], [4.4506019, 50.8093367], [4.4501475, 50.8094869], [4.4495298, 50.8097297], [4.4489063, 50.8101753], [4.4483993, 50.8108231], [4.4481837, 50.8109963], [4.4480357, 50.8111997], [4.4478084, 50.8113418], [4.4505813, 50.8131398], [4.4517532, 50.8134399], [4.4520169, 50.8137213], [4.4527336, 50.8140244], [4.4530581, 50.8142551], [4.4534738, 50.8146199], [4.4541885, 50.8150514], [4.4552177, 50.8151568], [4.4557406, 50.8153918], [4.4567711, 50.8158679], [4.4575553, 50.8163253], [4.4566604, 50.8169424], [4.4564027, 50.8171047], [4.4557956, 50.8173935], [4.455546, 50.8175155], [4.4553641, 50.8176169], [4.4552069, 50.8177244], [4.4550881, 50.8178452], [4.4549682, 50.8179932], [4.4548621, 50.8181569], [4.4548356, 50.8181912], [4.4546561, 50.8184231], [4.4536584, 50.8194537], [4.4533577, 50.8198863], [4.4527557, 50.8203818], [4.4512015, 50.8209573], [4.450709, 50.8211472], [4.450322, 50.8212674], [4.4500275, 50.8215352], [4.4499338, 50.8216099], [4.4498223, 50.821705], [4.449557, 50.8218634], [4.4493521, 50.8219797], [4.4483871, 50.8221919], [4.4480222, 50.8223158], [4.4475858, 50.8224296], [4.4468602, 50.8226307], [4.4467532, 50.8226448], [4.446553, 50.8226654], [4.4463234, 50.8226632], [4.4433295, 50.8224929], [4.4430321, 50.8224827], [4.4429024, 50.822457], [4.4427599, 50.8224103], [4.4426575, 50.822367], [4.4425729, 50.8222996], [4.4423117, 50.8219686], [4.4419657, 50.8215478], [4.4418784, 50.8214296], [4.4418601, 50.821406], [4.4417057, 50.8212486], [4.4415444, 50.8211362], [4.4415283, 50.8211256], [4.4414174, 50.8210746], [4.4413095, 50.8210334], [4.4411157, 50.8209584], [4.4409946, 50.8208813], [4.4409065, 50.8208162], [4.440863, 50.8207812], [4.4408137, 50.8207391], [4.4407465, 50.820679], [4.4406396, 50.8205744], [4.4382667, 50.8220917], [4.4373693, 50.8226699], [4.4336256, 50.8250829], [4.4334927, 50.8251131], [4.4334143, 50.8251271], [4.4333511, 50.8251311], [4.4322623, 50.8251207], [4.4322461, 50.8250725], [4.4322336, 50.8250193], [4.4320701, 50.825106], [4.4314451, 50.8254386], [4.4313306, 50.8255176], [4.431252, 50.8255718], [4.4306725, 50.8261135], [4.4302906, 50.8262229], [4.4299045, 50.826195], [4.4291773, 50.8260627], [4.4290717, 50.826006], [4.4283467, 50.8258632], [4.428139, 50.8262535], [4.4271739, 50.8259018], [4.4269736, 50.8258075], [4.4267652, 50.8256821], [4.4260215, 50.8253311], [4.4258265, 50.825209], [4.4256711, 50.825131], [4.4251777, 50.8249196], [4.4249596, 50.8247855], [4.4247596, 50.8246421], [4.4246158, 50.8245619], [4.4240056, 50.8242525], [4.4238232, 50.8241833], [4.4234065, 50.8240802], [4.4229883, 50.8239328], [4.422858, 50.8238724], [4.4226284, 50.8237712], [4.4225498, 50.8236216], [4.4222399, 50.823505], [4.422107, 50.8234272], [4.4219407, 50.8233486], [4.4217854, 50.8232879], [4.4214391, 50.8231789], [4.4210732, 50.8230831], [4.4209966, 50.8230578], [4.4209018, 50.8230208], [4.4208197, 50.8229798], [4.4207213, 50.8229261], [4.4206714, 50.8228774], [4.4195392, 50.8221148], [4.4194273, 50.82204], [4.4189097, 50.8218059], [4.4185963, 50.8217075], [4.418402, 50.8216749], [4.4179768, 50.8216021], [4.417779, 50.8216169], [4.4176024, 50.8216842], [4.4174848, 50.821736], [4.4173817, 50.8217814], [4.417252, 50.8218348], [4.417009, 50.8219354], [4.4164781, 50.8221543], [4.4159008, 50.8223947], [4.4155297, 50.8225454], [4.4154241, 50.8225869], [4.415223, 50.8226667], [4.4145687, 50.8229418], [4.4143472, 50.8228225], [4.4142842, 50.8227864], [4.4140904, 50.8226927], [4.4136919, 50.8224899], [4.4136663, 50.8224431], [4.4136601, 50.8224145], [4.4136213, 50.8223097], [4.4136077, 50.8222915], [4.4135694, 50.8222602], [4.4135387, 50.8222565], [4.4134809, 50.8222679], [4.4134301, 50.8222856], [4.4133877, 50.822286], [4.4133171, 50.8222582], [4.4132073, 50.822209], [4.4131265, 50.822185], [4.4123092, 50.8224043], [4.411709, 50.8225624], [4.4117732, 50.8226076], [4.4115809, 50.8227956], [4.41139, 50.8229901], [4.4110764, 50.8231877], [4.4101395, 50.8237964], [4.4098947, 50.8239674], [4.4097625, 50.8240522], [4.4095806, 50.8241677], [4.4086672, 50.8247492], [4.4084915, 50.8248647], [4.4076567, 50.8254408], [4.4075368, 50.8255238], [4.4070233, 50.8258159], [4.4061798, 50.826287], [4.4058899, 50.8264568], [4.4057138, 50.8265371], [4.4055222, 50.826625], [4.4051181, 50.8267682], [4.4043618, 50.8270367], [4.4015084, 50.8258035], [4.3998294, 50.8250711], [4.3993367, 50.8248603], [4.3976154, 50.8258925], [4.397038, 50.8262417], [4.3960509, 50.8257425], [4.3971719, 50.8249696], [4.3982953, 50.8242048], [4.3990273, 50.8237051], [4.3997606, 50.8232036], [4.4012115, 50.8222124], [4.4017856, 50.8218197], [4.4022864, 50.8214759], [4.4025162, 50.8213185], [4.4027584, 50.8211372], [4.4028537, 50.8210213], [4.4028817, 50.8209884], [4.4029864, 50.8208729], [4.4030359, 50.8208151], [4.4030759, 50.8207631], [4.4031206, 50.8207024], [4.4032067, 50.8205644], [4.4033415, 50.8203223], [4.4034475, 50.8199156], [4.4034606, 50.8198323], [4.403468, 50.8196333], [4.4034591, 50.8194439], [4.4034336, 50.8192652], [4.4033909, 50.8191186], [4.403337, 50.8189723], [4.4032363, 50.8187678], [4.4031579, 50.8186189], [4.4028862, 50.8182019], [4.4026684, 50.8180089], [4.4024588, 50.8178822], [4.4019059, 50.8175491], [4.4017603, 50.8174748], [4.4016865, 50.8174336], [4.4012563, 50.8172607], [4.4007945, 50.8171207], [4.4003704, 50.8170278], [4.3999288, 50.8169611], [4.3995768, 50.8169341], [4.3993878, 50.8169237], [4.3991143, 50.8169196], [4.3988586, 50.8169213], [4.3985566, 50.8169376], [4.3982689, 50.8169691], [4.3980054, 50.817007], [4.3978333, 50.8170443], [4.3976668, 50.8170845], [4.3973844, 50.817163], [4.3971262, 50.8172372], [4.3970761, 50.8170575], [4.3976271, 50.816443], [4.3971049, 50.8162761], [4.39625, 50.8168242], [4.3959141, 50.8171415], [4.3955693, 50.817438], [4.3953895, 50.8176271], [4.3952571, 50.8177329], [4.3952025, 50.8177147], [4.3942835, 50.8173148], [4.3941907, 50.8172595]]]}}, {"type": "Feature", "properties": {"name": "Berchem-Sainte-Agathe"}, "geometry": {"type": "Polygon", "coordinates": [[[4.2791942, 50.8647607], [4.2792109, 50.8646948], [4.2792257, 50.8646581], [4.2792829, 50.8646135], [4.2792936, 50.86458], [4.2792764, 50.8645322], [4.2792767, 50.8645117], [4.2793118, 50.8644124], [4.2793133, 50.8643763], [4.2792979, 50.8643519], [4.2793183, 50.8643159], [4.2793434, 50.8643069], [4.2793632, 50.8642906], [4.2793728, 50.8642658], [4.2793639, 50.8642438], [4.2793734, 50.864225], [4.2793833, 50.8642203], [4.2793992, 50.864221], [4.2794212, 50.8642201], [4.279432, 50.8641571], [4.2794529, 50.864137], [4.2794873, 50.8640809], [4.2795194, 50.863999], [4.2795276, 50.8639567], [4.2795588, 50.863885], [4.2796129, 50.8637997], [4.2796633, 50.8636923], [4.2797519, 50.8635032], [4.2797598, 50.863431], [4.2797952, 50.8633562], [4.2798631, 50.863241], [4.2799194, 50.8631362], [4.2799521, 50.8630292], [4.2800392, 50.8628376], [4.280127, 50.8626955], [4.2801657, 50.8626184], [4.2801831, 50.862566], [4.2801927, 50.8625183], [4.2802252, 50.8624717], [4.2802178, 50.8623861], [4.2802344, 50.8623719], [4.2803024, 50.862333], [4.2803678, 50.8622549], [4.2803913, 50.8621843], [4.2804143, 50.8620733], [4.2804078, 50.8620412], [4.2803285, 50.8619398], [4.2803108, 50.8618343], [4.2803115, 50.8617027], [4.2803271, 50.8615751], [4.2803279, 50.8614897], [4.2803429, 50.8614888], [4.280355, 50.861488], [4.2807198, 50.861465], [4.2807834, 50.8614612], [4.2807426, 50.8612077], [4.2806737, 50.860786], [4.2806468, 50.8606166], [4.2806614, 50.8605484], [4.2806598, 50.8604608], [4.2806304, 50.8603792], [4.2806098, 50.8603157], [4.2805428, 50.8601743], [4.28051, 50.8601069], [4.2804582, 50.8600378], [4.2803372, 50.8599075], [4.2806123, 50.8598089], [4.2810072, 50.8596663], [4.2810596, 50.859649], [4.2814074, 50.8595227], [4.2819922, 50.8593149], [4.2822833, 50.8592098], [4.2823256, 50.8591959], [4.282401, 50.8593373], [4.282543, 50.8595263], [4.2825861, 50.8595875], [4.2826542, 50.8596931], [4.283331, 50.8594506], [4.2838899, 50.8592503], [4.2837069, 50.8590559], [4.2835797, 50.8589361], [4.2835747, 50.8589314], [4.2834502, 50.8587978], [4.2842426, 50.8584971], [4.2841292, 50.8584058], [4.2840114, 50.8583108], [4.286049, 50.8577309], [4.2860531, 50.8577297], [4.2869727, 50.8574678], [4.2870337, 50.8575979], [4.287529, 50.8569144], [4.2883796, 50.8575741], [4.2891309, 50.8568388], [4.2893574, 50.8566209], [4.2895056, 50.8563899], [4.2896403, 50.8561793], [4.2898409, 50.8558671], [4.2898539, 50.8558209], [4.2901688, 50.8553349], [4.2908915, 50.855468], [4.2918547, 50.8556411], [4.29198, 50.8556676], [4.2921225, 50.8556922], [4.2922882, 50.8557258], [4.2929486, 50.8558368], [4.2933665, 50.8559177], [4.2935897, 50.8554344], [4.2941385, 50.8553806], [4.2943859, 50.8553973], [4.2947723, 50.8554117], [4.2950678, 50.8554123], [4.2954606, 50.8554057], [4.2956563, 50.8553643], [4.2956327, 50.8555335], [4.2959403, 50.8556308], [4.2960341, 50.855664], [4.29626, 50.8557368], [4.2966741, 50.8558741], [4.2968255, 50.8559472], [4.2969722, 50.8560179], [4.2971451, 50.8561013], [4.2974207, 50.8562344], [4.2976661, 50.8563615], [4.2978236, 50.8564379], [4.2979635, 50.8564996], [4.2984064, 50.856663], [4.2985682, 50.8567317], [4.2994316, 50.8570615], [4.2999331, 50.8571675], [4.3004405, 50.8572722], [4.3007445, 50.8573329], [4.3012201, 50.8574277], [4.3015389, 50.857492], [4.3023355, 50.857659], [4.3028152, 50.8577607], [4.3033746, 50.8578789], [4.3036477, 50.8579403], [4.303834, 50.8579775], [4.3040877, 50.8580302], [4.3039676, 50.8583422], [4.304201, 50.8585733], [4.3037281, 50.8592743], [4.3035906, 50.8594791], [4.3035623, 50.8595916], [4.3033704, 50.8598543], [4.3031804, 50.8598107], [4.3030003, 50.8597666], [4.3025346, 50.8596601], [4.3023587, 50.8599203], [4.3021717, 50.8602079], [4.3026687, 50.8603634], [4.3030911, 50.8605744], [4.3033721, 50.8605428], [4.3035922, 50.8605893], [4.3037909, 50.8603666], [4.3046707, 50.8605534], [4.3051236, 50.8602636], [4.3052042, 50.8602483], [4.3052554, 50.8603202], [4.304825, 50.8606008], [4.3045805, 50.8607581], [4.3042452, 50.8608652], [4.3043035, 50.860935], [4.3040195, 50.861117], [4.3035264, 50.8612751], [4.30448, 50.861485], [4.3043783, 50.8616794], [4.3059687, 50.8620187], [4.3064769, 50.8621283], [4.3064987, 50.8621631], [4.3065244, 50.8622082], [4.3065205, 50.8622588], [4.3064084, 50.8626222], [4.3059219, 50.8641883], [4.3061112, 50.8642116], [4.3064909, 50.8641946], [4.3070423, 50.8642396], [4.3069963, 50.8645096], [4.3069789, 50.8646835], [4.3069597, 50.8649079], [4.306922, 50.8649287], [4.3070323, 50.8650133], [4.307062, 50.8650842], [4.3071132, 50.8652199], [4.3071914, 50.8654453], [4.3072182, 50.8655756], [4.3073308, 50.8656835], [4.3075561, 50.8658029], [4.3077652, 50.8659234], [4.3078945, 50.8659762], [4.308362, 50.8662063], [4.3085967, 50.8663708], [4.3088942, 50.8666141], [4.3089596, 50.866715], [4.3091889, 50.8668603], [4.3140584, 50.8671372], [4.314013, 50.8674615], [4.3139213, 50.8674744], [4.3135568, 50.867612], [4.3131671, 50.8677612], [4.3129712, 50.8678196], [4.3127654, 50.8678702], [4.3125814, 50.8679117], [4.3124451, 50.8679626], [4.3113265, 50.8683853], [4.3103281, 50.8687658], [4.3101516, 50.8688625], [4.3099821, 50.8689578], [4.3100798, 50.8691357], [4.3087619, 50.8693247], [4.3082045, 50.8693016], [4.3074153, 50.8692647], [4.3063366, 50.8693102], [4.3055897, 50.869242], [4.3052138, 50.8691751], [4.3047658, 50.8690949], [4.3046717, 50.869104], [4.3044739, 50.869143], [4.3039181, 50.8693048], [4.3037818, 50.8693519], [4.3033028, 50.869548], [4.3025612, 50.8698443], [4.3018054, 50.8701421], [4.3012341, 50.8704018], [4.3008352, 50.87059], [4.3003535, 50.8708265], [4.3000467, 50.8709802], [4.2985797, 50.8717226], [4.2971991, 50.8722107], [4.2968778, 50.8724555], [4.2967906, 50.8725218], [4.2967055, 50.8725943], [4.2959795, 50.8731214], [4.2940513, 50.8740715], [4.2938983, 50.8741406], [4.29354, 50.8743011], [4.2931506, 50.8745623], [4.2922492, 50.874916], [4.2917904, 50.8751328], [4.2915308, 50.8752766], [4.291521, 50.8752775], [4.2914001, 50.875289], [4.291429, 50.8752473], [4.2914592, 50.8752294], [4.2915411, 50.8752125], [4.2917015, 50.8751434], [4.2917991, 50.8750789], [4.2917772, 50.8750509], [4.2917708, 50.8750272], [4.2917722, 50.8750167], [4.2917818, 50.8750094], [4.2917924, 50.8750035], [4.2920066, 50.8749728], [4.2920259, 50.8749686], [4.2920394, 50.874952], [4.2920481, 50.874889], [4.2919908, 50.8747978], [4.2918456, 50.8748008], [4.2918089, 50.8747786], [4.2917614, 50.8746279], [4.2917676, 50.8745677], [4.2917473, 50.8745446], [4.2916955, 50.8745071], [4.2916503, 50.8745027], [4.2915922, 50.8745429], [4.2915518, 50.8745589], [4.2915132, 50.8745515], [4.2914775, 50.8745251], [4.2914759, 50.8745007], [4.2915005, 50.8744797], [4.2915795, 50.8744456], [4.2915793, 50.8744162], [4.291568, 50.8744032], [4.2915452, 50.8743965], [4.2914278, 50.8743383], [4.2913387, 50.8743078], [4.2913079, 50.8743068], [4.2912657, 50.8743085], [4.2912339, 50.874301], [4.2912046, 50.8742916], [4.2910967, 50.874209], [4.2910556, 50.874204], [4.2910099, 50.8742078], [4.2909721, 50.874216], [4.2909342, 50.8742149], [4.2908135, 50.8741852], [4.2907841, 50.8741701], [4.2907516, 50.8741473], [4.2907236, 50.874102], [4.2906602, 50.8740771], [4.2906236, 50.8740688], [4.2904959, 50.8740521], [4.2904553, 50.874052], [4.290382, 50.8739835], [4.2903318, 50.8739571], [4.2902919, 50.8739559], [4.2902412, 50.8739645], [4.2901428, 50.873958], [4.2900946, 50.8739324], [4.2900567, 50.8739027], [4.2900426, 50.8738819], [4.2900239, 50.8738814], [4.289975, 50.8738554], [4.2899166, 50.8738407], [4.2898195, 50.8738027], [4.2897803, 50.8737841], [4.2897477, 50.8737604], [4.2897133, 50.8737426], [4.289616, 50.8737163], [4.2895089, 50.8737089], [4.2894546, 50.8736899], [4.2892826, 50.8736064], [4.2892504, 50.8736057], [4.2891571, 50.8736131], [4.2891351, 50.8735985], [4.2891029, 50.8735687], [4.2890452, 50.8735323], [4.2890131, 50.8735], [4.2890079, 50.8734805], [4.2890115, 50.8734666], [4.2890017, 50.8734552], [4.2889737, 50.8734622], [4.2888921, 50.8734885], [4.2888652, 50.873489], [4.2887894, 50.8734991], [4.2887399, 50.8734892], [4.2886264, 50.8734435], [4.2885079, 50.8733947], [4.2882723, 50.8733215], [4.2882316, 50.8732673], [4.2880486, 50.8731785], [4.2880103, 50.873139], [4.2879937, 50.8730632], [4.287913, 50.8729797], [4.2876376, 50.8727911], [4.2876113, 50.8727467], [4.2875677, 50.8727195], [4.2875258, 50.8727036], [4.287493, 50.8726789], [4.2874522, 50.8726361], [4.2874119, 50.8725785], [4.2873732, 50.872535], [4.2873039, 50.8724828], [4.2872423, 50.8724422], [4.2871789, 50.8724101], [4.2871473, 50.8723831], [4.2871335, 50.8723423], [4.2871079, 50.8723192], [4.287001, 50.8722668], [4.2869646, 50.8721674], [4.2869414, 50.8721399], [4.2869007, 50.8721251], [4.2867832, 50.8721049], [4.2867439, 50.8720805], [4.2866826, 50.8720592], [4.2866199, 50.8720287], [4.2865294, 50.8719591], [4.2864006, 50.8718335], [4.2862508, 50.8716621], [4.2861915, 50.8716182], [4.2860409, 50.871535], [4.2859395, 50.8714715], [4.2858555, 50.8714011], [4.2858442, 50.8713729], [4.2858645, 50.8713516], [4.2859425, 50.871319], [4.2859492, 50.8712942], [4.2859453, 50.8712694], [4.2859206, 50.8712199], [4.2859145, 50.871172], [4.2858874, 50.8711403], [4.2858254, 50.8710917], [4.2858054, 50.871076], [4.2857903, 50.8710536], [4.2857834, 50.8710131], [4.2857685, 50.870997], [4.285734, 50.8709814], [4.2857019, 50.870961], [4.2856907, 50.8709432], [4.2856733, 50.8709259], [4.2856139, 50.8709083], [4.2855962, 50.8708798], [4.2855758, 50.870859], [4.285556, 50.8708517], [4.2855033, 50.8708476], [4.2854861, 50.8708396], [4.2854782, 50.8708286], [4.285485, 50.8708069], [4.2855024, 50.8707771], [4.2855376, 50.8707315], [4.2855578, 50.8706977], [4.2855675, 50.8706527], [4.2855723, 50.8705965], [4.2855652, 50.8705527], [4.285552, 50.8705337], [4.2854961, 50.8705198], [4.2854917, 50.8705069], [4.2855066, 50.8704693], [4.2855097, 50.8704411], [4.2855051, 50.8703881], [4.2854798, 50.8703116], [4.2855019, 50.8702159], [4.2854741, 50.8701662], [4.2853523, 50.8700354], [4.285274, 50.8699783], [4.2851852, 50.8699485], [4.2849725, 50.86982], [4.2849008, 50.8697654], [4.2848268, 50.8696968], [4.2847439, 50.8695982], [4.2847208, 50.8695832], [4.2846355, 50.8695652], [4.284613, 50.8695558], [4.2846008, 50.8695366], [4.2845817, 50.8695214], [4.28454, 50.8695046], [4.2844871, 50.8694515], [4.2844157, 50.8693257], [4.2843426, 50.8692227], [4.2841786, 50.8690216], [4.2841026, 50.868977], [4.2840576, 50.8689474], [4.2840357, 50.8688966], [4.2840409, 50.8688618], [4.2840217, 50.8688482], [4.2839622, 50.8688507], [4.2839403, 50.868847], [4.2839345, 50.8688298], [4.2839437, 50.8687971], [4.2839203, 50.8687819], [4.2838183, 50.8687798], [4.2837636, 50.8687606], [4.2836339, 50.8687018], [4.2834866, 50.8686014], [4.2833742, 50.8684797], [4.2833212, 50.868432], [4.2830883, 50.8683211], [4.283031, 50.8682812], [4.28296, 50.8682043], [4.28291, 50.8681741], [4.282741, 50.8681095], [4.282673, 50.868033], [4.2826515, 50.8680156], [4.2825292, 50.8679806], [4.2824881, 50.8679556], [4.2824522, 50.8679264], [4.2824162, 50.8679022], [4.2822354, 50.8678367], [4.2821162, 50.8677794], [4.282082, 50.8677275], [4.2820483, 50.8676946], [4.281952, 50.8676593], [4.281912, 50.8676304], [4.2817772, 50.8674836], [4.2817505, 50.8674604], [4.2816865, 50.8674241], [4.2816024, 50.8673451], [4.2815179, 50.8672888], [4.2814023, 50.867255], [4.2813091, 50.8672351], [4.2812806, 50.8672194], [4.2812581, 50.8672023], [4.281247, 50.8671732], [4.2812367, 50.8671118], [4.2812214, 50.8670919], [4.281198, 50.8670681], [4.2811682, 50.8670502], [4.281127, 50.8670479], [4.2810722, 50.8670547], [4.2809556, 50.8670867], [4.2808073, 50.8671535], [4.2807326, 50.8671797], [4.2805127, 50.8672012], [4.2803156, 50.867073], [4.2800561, 50.8668227], [4.2797457, 50.8663788], [4.2796136, 50.8661887], [4.2793728, 50.8658665], [4.2792611, 50.8657097], [4.2792615, 50.8654535], [4.2793379, 50.8654349], [4.2794169, 50.8654118], [4.2794571, 50.8653394], [4.279483, 50.8652844], [4.2795511, 50.8652146], [4.2796286, 50.8651631], [4.2794523, 50.864979], [4.2793657, 50.8649396], [4.2793221, 50.8648912], [4.2792649, 50.8648648], [4.2792161, 50.8648525], [4.279201, 50.8648194], [4.2791942, 50.8647607]]]}}, {"type": "Feature", "properties": {"name": "Ville de Bruxelles"}, "geometry": {"type": "Polygon", "coordinates": [[[4.335475, 50.8489189], [4.3356357, 50.8481466], [4.3359248, 50.846786], [4.3360065, 50.8464013], [4.3378781, 50.8464503], [4.3379365, 50.8461914], [4.338014, 50.8458239], [4.3383371, 50.8448078], [4.3384203, 50.8446155], [4.3386998, 50.8438637], [4.3390633, 50.8428861], [4.3397747, 50.8410931], [4.3399637, 50.8406205], [4.3401124, 50.840252], [4.3399536, 50.8402288], [4.3399949, 50.840116], [4.3402982, 50.8401596], [4.3408045, 50.8387572], [4.3409187, 50.8384415], [4.341499, 50.8368512], [4.3423916, 50.8343699], [4.3425083, 50.8340449], [4.3428561, 50.8330899], [4.3429054, 50.8330364], [4.3429515, 50.8330001], [4.3429984, 50.832973], [4.344615, 50.8326419], [4.3449716, 50.8326067], [4.3458608, 50.8327154], [4.3481054, 50.8327844], [4.3482455, 50.8327976], [4.3483495, 50.832813], [4.3484489, 50.8328316], [4.348577, 50.832861], [4.3486666, 50.8328851], [4.3500411, 50.8334143], [4.3514529, 50.8340051], [4.3551663, 50.8355601], [4.3554462, 50.8352898], [4.3554821, 50.8353041], [4.3571905, 50.8336532], [4.3569254, 50.8328438], [4.3576044, 50.8326576], [4.3576092, 50.8325498], [4.3574857, 50.8324985], [4.3575211, 50.8324658], [4.357613, 50.8324535], [4.3576209, 50.8322653], [4.3576661, 50.8322213], [4.3580179, 50.832039], [4.3583317, 50.8318773], [4.3580403, 50.8314135], [4.3579072, 50.8310344], [4.3583259, 50.8306281], [4.3596922, 50.8293041], [4.3606665, 50.8283559], [4.3622433, 50.8268283], [4.3617044, 50.8265333], [4.3620993, 50.8262519], [4.3626288, 50.826464], [4.3630399, 50.826175], [4.3633202, 50.8259866], [4.3634106, 50.8254362], [4.3645569, 50.8249712], [4.3649511, 50.8245105], [4.364613, 50.8242591], [4.3643334, 50.8241215], [4.3651468, 50.8236745], [4.3652422, 50.8236434], [4.365531, 50.8235149], [4.3655881, 50.8234813], [4.3650134, 50.8231477], [4.367222, 50.8229941], [4.3670791, 50.8228235], [4.3669809, 50.8227065], [4.3668978, 50.8226006], [4.3668856, 50.822574], [4.3667544, 50.8221206], [4.3666003, 50.8215817], [4.3664351, 50.8209589], [4.3677515, 50.8202587], [4.3696418, 50.8192489], [4.3699698, 50.818202], [4.3702948, 50.8171819], [4.3704503, 50.8163434], [4.3705588, 50.8158023], [4.3706084, 50.8155557], [4.3706739, 50.81527], [4.3681219, 50.8148668], [4.3682978, 50.8141809], [4.3682844, 50.8139882], [4.3679978, 50.8139476], [4.3680059, 50.8139223], [4.3678372, 50.8138956], [4.3685217, 50.812155], [4.3687496, 50.8115758], [4.3691434, 50.8105516], [4.3692603, 50.8102812], [4.3693668, 50.8100644], [4.3694792, 50.8098698], [4.3696101, 50.8096677], [4.3697512, 50.8094466], [4.3697783, 50.8094542], [4.3701119, 50.8093427], [4.3704035, 50.8092125], [4.3704939, 50.8091748], [4.3706173, 50.8091116], [4.3708656, 50.8089647], [4.3708709, 50.808967], [4.3710899, 50.8088401], [4.3710725, 50.8087562], [4.3711777, 50.8087494], [4.3724235, 50.808477], [4.3729612, 50.8081753], [4.3729758, 50.8081099], [4.3727258, 50.8078032], [4.3729811, 50.8075753], [4.3727743, 50.8067097], [4.3717512, 50.8066528], [4.3719283, 50.8063303], [4.371978, 50.8062239], [4.3720654, 50.8060076], [4.3721391, 50.8058104], [4.3721931, 50.8056541], [4.3722311, 50.8055157], [4.3724072, 50.8042529], [4.3728377, 50.8030968], [4.3733593, 50.803212], [4.3735712, 50.8026916], [4.3732303, 50.8026393], [4.3734115, 50.8023752], [4.3736734, 50.80215], [4.3738171, 50.8020602], [4.3739376, 50.8019565], [4.3740945, 50.8018778], [4.3742134, 50.8018209], [4.3743048, 50.8017678], [4.3747339, 50.8015861], [4.3748122, 50.801557], [4.3751196, 50.8014223], [4.3752702, 50.8013867], [4.3756028, 50.8012414], [4.3756945, 50.8011654], [4.3758112, 50.8009944], [4.3765083, 50.8009075], [4.3767904, 50.8009115], [4.3778448, 50.801105], [4.3779436, 50.801035], [4.3779942, 50.8002817], [4.3778512, 50.8001977], [4.3772929, 50.8000097], [4.375378, 50.7997848], [4.3753778, 50.7997349], [4.3772662, 50.7994878], [4.3830303, 50.7987229], [4.3908602, 50.7976799], [4.3936213, 50.7973132], [4.3979131, 50.7967433], [4.4008144, 50.796358], [4.4009077, 50.7963454], [4.4009502, 50.79709], [4.4009867, 50.7972471], [4.401044, 50.7974673], [4.4006711, 50.7979744], [4.4000284, 50.7986991], [4.3998647, 50.7988783], [4.3995057, 50.7991737], [4.399443, 50.799236], [4.3993817, 50.7993028], [4.3990947, 50.7996397], [4.3989738, 50.7997691], [4.3988813, 50.7998573], [4.3977134, 50.8008997], [4.3976153, 50.8009564], [4.3975115, 50.8010246], [4.3974032, 50.8010996], [4.3972386, 50.8012065], [4.3971409, 50.8013264], [4.3970584, 50.8014355], [4.3969768, 50.8015779], [4.3969299, 50.8016695], [4.3968997, 50.8017554], [4.3937751, 50.8007534], [4.3904636, 50.8021632], [4.3887724, 50.8039912], [4.3879478, 50.8048829], [4.3877697, 50.8050721], [4.3877076, 50.8051433], [4.3876304, 50.8052446], [4.3875744, 50.8053266], [4.3875143, 50.8054221], [4.3874639, 50.8055232], [4.3874006, 50.8056625], [4.3873554, 50.8058075], [4.3872956, 50.806131], [4.3870929, 50.8073618], [4.3870386, 50.8077263], [4.387021, 50.8077852], [4.3870009, 50.807861], [4.3869636, 50.8079805], [4.38689, 50.8081837], [4.3868527, 50.8082693], [4.3867829, 50.8084136], [4.3867078, 50.8085482], [4.3866572, 50.8086345], [4.3865901, 50.8087367], [4.3864342, 50.8089615], [4.3862408, 50.8092417], [4.3858129, 50.8098665], [4.3856297, 50.8101342], [4.3855629, 50.8102392], [4.3854794, 50.8103727], [4.3854328, 50.8104573], [4.3853867, 50.8105532], [4.3853232, 50.8107236], [4.3852942, 50.8108295], [4.3852723, 50.8109312], [4.3852621, 50.8110157], [4.3852559, 50.8110771], [4.3852516, 50.8112187], [4.3852357, 50.8113466], [4.3852164, 50.8114346], [4.3851872, 50.8115336], [4.3851439, 50.811639], [4.3850973, 50.8117326], [4.3850638, 50.8117912], [4.3850138, 50.8118656], [4.3847811, 50.8121925], [4.383946, 50.8133804], [4.3839057, 50.8134409], [4.3838376, 50.8135755], [4.3837505, 50.8139047], [4.3837019, 50.8141437], [4.3836874, 50.8141995], [4.3836243, 50.8144823], [4.3835893, 50.8145798], [4.3835265, 50.8147211], [4.3834482, 50.8148725], [4.383411, 50.8149401], [4.3833835, 50.814985], [4.3832361, 50.8151979], [4.3831572, 50.8152967], [4.3830223, 50.8154528], [4.3829595, 50.8155189], [4.3828504, 50.8156333], [4.3825903, 50.8158511], [4.3791217, 50.8138441], [4.3786172, 50.81445], [4.3783015, 50.8148117], [4.3777369, 50.8154689], [4.3774943, 50.8157545], [4.3772743, 50.8160204], [4.3772414, 50.81606], [4.3769607, 50.8163513], [4.3762764, 50.8170447], [4.3760079, 50.8173155], [4.3757695, 50.8175562], [4.3748827, 50.818455], [4.3739622, 50.8193814], [4.3736187, 50.8197294], [4.3731557, 50.8203547], [4.372579, 50.8211219], [4.3718474, 50.8221033], [4.3708097, 50.8235045], [4.3704895, 50.8239911], [4.3704039, 50.8240047], [4.3694843, 50.8241015], [4.3685099, 50.8244626], [4.3687472, 50.8247335], [4.3679426, 50.8250187], [4.3671131, 50.8253156], [4.3674306, 50.8255696], [4.3674808, 50.8255446], [4.3675425, 50.8255933], [4.3668668, 50.8259996], [4.3669596, 50.8260671], [4.3667376, 50.8262057], [4.3667885, 50.8262429], [4.364697, 50.8276242], [4.3655129, 50.8285545], [4.365161, 50.8289276], [4.3657353, 50.8291493], [4.3664178, 50.8294105], [4.3654724, 50.8304084], [4.3644094, 50.8300212], [4.3642907, 50.8300829], [4.3641005, 50.830042], [4.3640682, 50.8302266], [4.3632804, 50.830173], [4.3603714, 50.8315059], [4.3606597, 50.8317112], [4.3597047, 50.8322183], [4.3599428, 50.8323985], [4.3587856, 50.8335269], [4.3580345, 50.8336302], [4.3573473, 50.8337248], [4.3563105, 50.8347276], [4.3556417, 50.8353724], [4.3556766, 50.8353873], [4.3553981, 50.8356569], [4.355961, 50.835891], [4.3560899, 50.8357674], [4.3573726, 50.8363231], [4.3587055, 50.8369028], [4.3615872, 50.8382111], [4.3616497, 50.8381517], [4.3617034, 50.8381742], [4.3619609, 50.8382824], [4.3628989, 50.8386779], [4.36467, 50.8387157], [4.3659533, 50.8387406], [4.3670936, 50.8393095], [4.3675734, 50.8389145], [4.3683053, 50.8392961], [4.3686814, 50.8400162], [4.372123, 50.8392963], [4.3722822, 50.8396101], [4.3728194, 50.8406301], [4.3739874, 50.8403852], [4.3745142, 50.8402738], [4.3750399, 50.8401612], [4.3755351, 50.8399702], [4.375975, 50.8398028], [4.3750688, 50.838052], [4.3752696, 50.8380102], [4.3762291, 50.8373238], [4.3762125, 50.8373138], [4.3761152, 50.837002], [4.376202, 50.8370447], [4.3760968, 50.8367362], [4.3760125, 50.836692], [4.3758069, 50.8360824], [4.3745789, 50.8359702], [4.3746016, 50.8358777], [4.3758753, 50.8357638], [4.3761208, 50.8357507], [4.3763429, 50.8357512], [4.3765176, 50.8357601], [4.3767997, 50.8357892], [4.3767502, 50.835931], [4.3775739, 50.8360607], [4.3775141, 50.8362047], [4.3777683, 50.8362594], [4.3781274, 50.8363241], [4.3784416, 50.836365], [4.3784242, 50.8363879], [4.3785363, 50.8364181], [4.3785807, 50.83635], [4.3786941, 50.8363831], [4.378834, 50.8364415], [4.3789899, 50.8365083], [4.379377, 50.8367637], [4.3793902, 50.8368147], [4.3794106, 50.836812], [4.3794669, 50.8368503], [4.3796095, 50.8368305], [4.3796388, 50.8368482], [4.3798301, 50.8369723], [4.380029, 50.8370682], [4.3802451, 50.8372625], [4.3802963, 50.8375161], [4.3803587, 50.8375261], [4.3803553, 50.8375451], [4.3806583, 50.8379117], [4.3807563, 50.8391155], [4.3806763, 50.8394373], [4.3802624, 50.8400128], [4.3857842, 50.8394257], [4.3858253, 50.8395023], [4.3879598, 50.8390582], [4.3909374, 50.8384386], [4.3933307, 50.8379429], [4.3960921, 50.8432532], [4.3960287, 50.8434086], [4.3958955, 50.8437217], [4.3956356, 50.8443007], [4.3953868, 50.8447369], [4.3951127, 50.8450951], [4.3945649, 50.8456921], [4.394223, 50.8460657], [4.3939208, 50.8463639], [4.3936857, 50.8465963], [4.3935669, 50.8466929], [4.3929979, 50.8471769], [4.3915211, 50.8479735], [4.3911318, 50.8481983], [4.3907249, 50.8484662], [4.3900961, 50.8488772], [4.3895409, 50.8492223], [4.3882823, 50.8499794], [4.3870786, 50.8507082], [4.3866941, 50.8509489], [4.3862731, 50.8512213], [4.3859991, 50.8513706], [4.3857754, 50.8514721], [4.3854097, 50.8516136], [4.3851159, 50.8516991], [4.384052, 50.8514185], [4.3825151, 50.851013], [4.3817547, 50.8508113], [4.3813441, 50.8507014], [4.3809895, 50.8505959], [4.3807085, 50.8504852], [4.3805236, 50.8504124], [4.3802322, 50.8502878], [4.3795995, 50.8500199], [4.3793904, 50.8499666], [4.3789652, 50.8498937], [4.3789774, 50.8490338], [4.3788806, 50.8490114], [4.378709, 50.8489741], [4.3786537, 50.8490268], [4.377587, 50.848756], [4.377367, 50.8490307], [4.3759668, 50.8485558], [4.375713, 50.8484705], [4.3753164, 50.8477268], [4.3752615, 50.8476249], [4.3752027, 50.8476355], [4.3738815, 50.8479114], [4.3738851, 50.847886], [4.3738797, 50.8478195], [4.3738643, 50.8477817], [4.3737321, 50.8476744], [4.3735856, 50.8475646], [4.3734709, 50.8474669], [4.3733784, 50.8474005], [4.3732167, 50.8472879], [4.3727309, 50.8472583], [4.3722202, 50.8472308], [4.3710634, 50.8471768], [4.3698447, 50.8471303], [4.369566, 50.84712], [4.3697233, 50.8474197], [4.3691255, 50.8497244], [4.3683811, 50.8525504], [4.3680756, 50.8526373], [4.365489, 50.8533734], [4.3654759, 50.8533665], [4.3654603, 50.8533616], [4.3654434, 50.8533593], [4.365429, 50.8533587], [4.365412, 50.8533604], [4.3606469, 50.8547245], [4.3578629, 50.8554891], [4.3552484, 50.8562056], [4.3553463, 50.8563906], [4.3554633, 50.856555], [4.3557216, 50.8568615], [4.3558087, 50.8569708], [4.3558681, 50.8570348], [4.35603, 50.8571705], [4.3561674, 50.8572904], [4.3563338, 50.8574388], [4.3565011, 50.8575972], [4.3565816, 50.8577011], [4.3566116, 50.8577772], [4.3566382, 50.857852], [4.3566365, 50.8579049], [4.3566247, 50.8582007], [4.3566371, 50.8585296], [4.356685, 50.8593506], [4.3567392, 50.8595372], [4.3571864, 50.860314], [4.3573654, 50.8606644], [4.3574946, 50.8609157], [4.3575708, 50.8610643], [4.3576046, 50.8611302], [4.3576396, 50.8612081], [4.3578193, 50.8616015], [4.3579462, 50.8618691], [4.3580374, 50.8620553], [4.358084, 50.8621506], [4.3581347, 50.862254], [4.3582629, 50.862525], [4.3583245, 50.8626598], [4.3588032, 50.8637847], [4.3595388, 50.8654067], [4.3601102, 50.8666794], [4.360334, 50.867173], [4.3604417, 50.8673998], [4.3605442, 50.8676215], [4.3606259, 50.8677985], [4.3608072, 50.8681728], [4.3608525, 50.8682721], [4.3609942, 50.8685935], [4.3610865, 50.8688045], [4.3611556, 50.8688499], [4.3612936, 50.8689562], [4.361429, 50.8690628], [4.3616883, 50.8692749], [4.3622533, 50.8697686], [4.362514, 50.8699946], [4.3627217, 50.870178], [4.3629282, 50.8703644], [4.3631189, 50.8705513], [4.3636293, 50.8711378], [4.3637347, 50.8712579], [4.3644874, 50.8709966], [4.3645907, 50.8711174], [4.3652415, 50.8708919], [4.3649021, 50.8705029], [4.3652093, 50.8694751], [4.3669085, 50.8695938], [4.3674904, 50.8700922], [4.3675759, 50.8701661], [4.3677384, 50.8702927], [4.3679001, 50.870404], [4.3681082, 50.8705338], [4.3686376, 50.8708127], [4.3687736, 50.8708719], [4.3688369, 50.8708996], [4.3691164, 50.8710073], [4.3695459, 50.8711527], [4.3698674, 50.871258], [4.370063, 50.8713123], [4.370261, 50.8713646], [4.3706395, 50.8714432], [4.3709318, 50.8714915], [4.371218, 50.8715278], [4.3715077, 50.8715563], [4.3717977, 50.8715743], [4.3719964, 50.8715797], [4.3723564, 50.8715783], [4.3725128, 50.8715661], [4.3742248, 50.8747461], [4.3744134, 50.8750972], [4.3745067, 50.8752703], [4.374827, 50.8754972], [4.3786978, 50.8775155], [4.3788324, 50.8775939], [4.379065, 50.8777285], [4.3790811, 50.8777167], [4.37931, 50.8778393], [4.3792958, 50.8778494], [4.379399, 50.8779067], [4.3795117, 50.8778281], [4.3796676, 50.8779136], [4.3796845, 50.8779019], [4.3799189, 50.8780279], [4.3798976, 50.8780445], [4.3800254, 50.8781148], [4.3800034, 50.8781315], [4.3808722, 50.8786456], [4.3814829, 50.8789866], [4.3815205, 50.8789597], [4.3824262, 50.8794647], [4.3824783, 50.8795004], [4.382577, 50.879568], [4.3830668, 50.879786], [4.3831411, 50.8797201], [4.3833437, 50.8798155], [4.38364, 50.879919], [4.3842782, 50.88014], [4.3867928, 50.8806986], [4.3883873, 50.8810629], [4.3873111, 50.8819966], [4.402003, 50.8859352], [4.4017114, 50.8861197], [4.3970734, 50.8889814], [4.3946169, 50.890497], [4.3914033, 50.8887904], [4.3859796, 50.8865106], [4.3817365, 50.8847071], [4.37972, 50.8838138], [4.3777007, 50.8829193], [4.376012, 50.8820386], [4.3740589, 50.8812177], [4.3726459, 50.8806238], [4.3722688, 50.8804652], [4.3689562, 50.8790721], [4.3675302, 50.8784573], [4.3669388, 50.8781633], [4.3663052, 50.8779228], [4.3650166, 50.8772947], [4.3637706, 50.8763592], [4.3625244, 50.8752632], [4.3624263, 50.8751666], [4.3612467, 50.8740069], [4.3603808, 50.8734456], [4.3598712, 50.8729552], [4.3593672, 50.87247], [4.3592993, 50.8724148], [4.3585851, 50.8725202], [4.3574685, 50.8727293], [4.3559522, 50.8721646], [4.3539499, 50.8713334], [4.3515407, 50.8703427], [4.3513554, 50.870261], [4.3485572, 50.8711651], [4.3478661, 50.8713656], [4.3478662, 50.8712064], [4.3442645, 50.8700569], [4.3441209, 50.8700046], [4.3436436, 50.869977], [4.3431445, 50.8701279], [4.3428092, 50.8697931], [4.3435871, 50.8690507], [4.3430965, 50.8684206], [4.3434067, 50.8681395], [4.3434587, 50.8680891], [4.3435079, 50.8680241], [4.3435223, 50.8680005], [4.3435635, 50.8679325], [4.3435869, 50.867861], [4.3436125, 50.8677839], [4.3436189, 50.8677357], [4.3436176, 50.8676862], [4.343615, 50.8676257], [4.3435998, 50.8675268], [4.3435764, 50.8674627], [4.3435372, 50.8673966], [4.3433206, 50.8671566], [4.3432656, 50.8670967], [4.3431604, 50.8669413], [4.3428219, 50.8665149], [4.3426022, 50.8662356], [4.3421455, 50.8656526], [4.341688, 50.8650821], [4.3417398, 50.8649629], [4.3436973, 50.8643346], [4.3456193, 50.863708], [4.3462096, 50.8635393], [4.3479537, 50.8629869], [4.3483947, 50.8628503], [4.3471076, 50.8610359], [4.3464868, 50.8604034], [4.3456588, 50.8595598], [4.3458229, 50.8594894], [4.3457485, 50.8594133], [4.3466503, 50.8590294], [4.3464674, 50.8588371], [4.346132, 50.8584844], [4.3460886, 50.8584381], [4.3459405, 50.8582827], [4.3455403, 50.8578614], [4.343096, 50.8552892], [4.342729, 50.8549158], [4.3422751, 50.8544553], [4.3414091, 50.8535397], [4.3411307, 50.8533031], [4.3408616, 50.8530116], [4.3408157, 50.8528978], [4.3391625, 50.8511399], [4.3387547, 50.8507084], [4.3385236, 50.8504658], [4.3380777, 50.849657], [4.3378628, 50.8494763], [4.3378314, 50.8494157], [4.337798, 50.84916], [4.3374241, 50.8484961], [4.335475, 50.8489189]]]}}, {"type": "Feature", "properties": {"name": "Etterbeek"}, "geometry": {"type": "Polygon", "coordinates": [[[4.3789886, 50.8340263], [4.3808662, 50.8334003], [4.3817728, 50.8330988], [4.3823587, 50.8329129], [4.3809897, 50.8312026], [4.3803682, 50.8304264], [4.37998, 50.8300777], [4.3810793, 50.8290556], [4.3819687, 50.8283861], [4.3824982, 50.8281177], [4.3830789, 50.8275588], [4.3836557, 50.8271554], [4.3845186, 50.8266647], [4.3853476, 50.8260764], [4.3854615, 50.8260657], [4.3854956, 50.8260427], [4.3855039, 50.8259702], [4.3859013, 50.8256983], [4.3862992, 50.8254086], [4.3868419, 50.8249715], [4.3870722, 50.8247998], [4.3870169, 50.8247503], [4.387814, 50.8241711], [4.3883651, 50.823675], [4.3892644, 50.8227464], [4.389246, 50.8227359], [4.3895599, 50.8224708], [4.3960509, 50.8257425], [4.397038, 50.8262417], [4.3976154, 50.8258925], [4.3993367, 50.8248603], [4.3998294, 50.8250711], [4.4015084, 50.8258035], [4.4043618, 50.8270367], [4.4053452, 50.8274671], [4.4080127, 50.828635], [4.4090199, 50.8290758], [4.4110686, 50.8299724], [4.4121918, 50.8304644], [4.4115782, 50.8304351], [4.4113629, 50.8304417], [4.4110881, 50.8304977], [4.4108225, 50.8305853], [4.4106188, 50.8307047], [4.4104591, 50.8308535], [4.4103196, 50.8310121], [4.4099853, 50.831507], [4.409887, 50.831686], [4.4098037, 50.8318988], [4.4097516, 50.8321301], [4.4097428, 50.8322719], [4.4097356, 50.8324467], [4.4098335, 50.8331018], [4.4098642, 50.8335883], [4.409853, 50.8337347], [4.4098081, 50.8338215], [4.4097547, 50.8339059], [4.4096896, 50.8339839], [4.4095407, 50.8341411], [4.4093132, 50.8343811], [4.408893, 50.8346802], [4.407161, 50.835906], [4.4061537, 50.8367526], [4.4056974, 50.8371346], [4.4050986, 50.8376239], [4.4059516, 50.8380571], [4.4061248, 50.8383894], [4.4075628, 50.8388739], [4.407103, 50.8389792], [4.405963, 50.8390828], [4.4057583, 50.8389567], [4.4056498, 50.8389357], [4.4056295, 50.8388773], [4.405562, 50.8388357], [4.4052748, 50.8390285], [4.4051144, 50.8391619], [4.4048872, 50.8393528], [4.4047154, 50.839453], [4.4045875, 50.8395198], [4.4044376, 50.8395935], [4.4043532, 50.8396289], [4.4042184, 50.8396791], [4.4040699, 50.8397309], [4.4037876, 50.8398228], [4.4034895, 50.8398996], [4.4031559, 50.8400364], [4.4028357, 50.840173], [4.4026627, 50.8402541], [4.4025304, 50.8403116], [4.4021483, 50.8404211], [4.4017208, 50.8405038], [4.4010885, 50.8406024], [4.4010975, 50.8407314], [4.4011945, 50.8408741], [4.4013919, 50.841221], [4.4014732, 50.8413365], [4.4011109, 50.8422988], [4.4009697, 50.8425847], [4.4008167, 50.8427649], [4.4006046, 50.8431153], [4.4000516, 50.8436533], [4.3989114, 50.8446705], [4.3960287, 50.8434086], [4.3960921, 50.8432532], [4.3933307, 50.8379429], [4.3909374, 50.8384386], [4.3879598, 50.8390582], [4.3858253, 50.8395023], [4.3857842, 50.8394257], [4.3802624, 50.8400128], [4.3806763, 50.8394373], [4.3807563, 50.8391155], [4.3806583, 50.8379117], [4.3803553, 50.8375451], [4.3803587, 50.8375261], [4.3802963, 50.8375161], [4.3802451, 50.8372625], [4.380029, 50.8370682], [4.3798301, 50.8369723], [4.3796388, 50.8368482], [4.3796095, 50.8368305], [4.3793068, 50.8364881], [4.3792036, 50.8362933], [4.3791822, 50.8362185], [4.3791698, 50.836142], [4.379171, 50.8361266], [4.3792228, 50.836032], [4.379302, 50.8359215], [4.3793593, 50.8357957], [4.3794654, 50.8356905], [4.3795642, 50.8356189], [4.3795824, 50.8355727], [4.3795303, 50.8354745], [4.3794587, 50.8353555], [4.379402, 50.8352446], [4.3792898, 50.8348808], [4.3792842, 50.834755], [4.3793212, 50.8347155], [4.3792821, 50.8346906], [4.3792781, 50.8344885], [4.3792653, 50.8344049], [4.3792368, 50.8343241], [4.3789886, 50.8340263]]]}}, {"type": "Feature", "properties": {"name": "Evere"}, "geometry": {"type": "Polygon", "coordinates": [[[4.3873111, 50.8819966], [4.3883873, 50.8810629], [4.3889471, 50.8805762], [4.3889494, 50.8805308], [4.3889878, 50.8804832], [4.3890009, 50.8804614], [4.3889891, 50.880424], [4.3889742, 50.8804028], [4.3889449, 50.8803826], [4.3903623, 50.878657], [4.3905372, 50.8785786], [4.3912898, 50.8777262], [4.3912791, 50.877689], [4.3915492, 50.8774383], [4.3916713, 50.8772868], [4.3917674, 50.8771587], [4.3924569, 50.8760916], [4.3925975, 50.8759143], [4.3927345, 50.875797], [4.3927935, 50.8756581], [4.3928438, 50.8755729], [4.3929142, 50.8753747], [4.3931094, 50.8747963], [4.3932657, 50.8744403], [4.3933494, 50.8742879], [4.3935344, 50.8739735], [4.3938009, 50.873555], [4.3940718, 50.8731452], [4.3944709, 50.8723993], [4.3945267, 50.8722893], [4.3946047, 50.8721228], [4.3948444, 50.8716142], [4.3949151, 50.8714607], [4.3949985, 50.8712646], [4.3956971, 50.8695664], [4.3959541, 50.8688781], [4.3959993, 50.8687348], [4.3960437, 50.8686218], [4.3961501, 50.8684651], [4.3962214, 50.868375], [4.3962619, 50.8683097], [4.3964165, 50.8680842], [4.396668, 50.8676972], [4.3968896, 50.867388], [4.3971386, 50.8670965], [4.3978845, 50.8662729], [4.3983336, 50.8658167], [4.3985854, 50.8655476], [4.3987799, 50.8653404], [4.3988908, 50.8652128], [4.399312, 50.8647257], [4.3996752, 50.8643265], [4.4000358, 50.8638986], [4.4002585, 50.8636805], [4.4006487, 50.8633157], [4.400939, 50.8630507], [4.4013019, 50.8627086], [4.4024435, 50.8616779], [4.4029715, 50.8612105], [4.4032397, 50.8610441], [4.4036888, 50.8607767], [4.4039538, 50.8606104], [4.4041078, 50.8604788], [4.4041456, 50.8604346], [4.4042427, 50.8603378], [4.4040713, 50.8600215], [4.4044868, 50.8598802], [4.4045329, 50.8598816], [4.4047144, 50.8598028], [4.4063919, 50.8585649], [4.4073316, 50.8577177], [4.4076949, 50.8573733], [4.4088956, 50.8576687], [4.4107445, 50.8560733], [4.4124587, 50.8545932], [4.4130271, 50.8540708], [4.4107019, 50.853065], [4.4117824, 50.8520416], [4.4158371, 50.8542252], [4.4220018, 50.8570183], [4.4240634, 50.8601347], [4.426634, 50.8628724], [4.4254038, 50.8638628], [4.4241369, 50.8650028], [4.4232979, 50.865733], [4.423043, 50.8659546], [4.4222741, 50.8666214], [4.4221243, 50.8666556], [4.4217304, 50.8667858], [4.421585, 50.867007], [4.4213748, 50.8672474], [4.4208709, 50.8677151], [4.421256, 50.8679989], [4.4216619, 50.8682979], [4.4248233, 50.8711518], [4.4258832, 50.87206], [4.4257197, 50.8721324], [4.4244151, 50.872712], [4.4222116, 50.8733627], [4.4215403, 50.8736789], [4.4203617, 50.8745052], [4.4186043, 50.875272], [4.4176504, 50.8753246], [4.4143492, 50.8782634], [4.4106825, 50.8769742], [4.4104115, 50.8773814], [4.4101407, 50.8777873], [4.4099264, 50.8781019], [4.4095602, 50.8784705], [4.409419, 50.8786908], [4.4088931, 50.8792173], [4.4087245, 50.8801457], [4.4086695, 50.8803595], [4.408147, 50.8811549], [4.407339, 50.8821815], [4.4069923, 50.8825214], [4.4066229, 50.8827253], [4.406434, 50.8828512], [4.4063427, 50.8829356], [4.4060333, 50.8832225], [4.4056455, 50.8835823], [4.4052502, 50.8839424], [4.405225, 50.8839287], [4.4048265, 50.8841539], [4.403972, 50.884694], [4.4040336, 50.8847754], [4.4033204, 50.8850244], [4.4032683, 50.8849982], [4.4032371, 50.8849578], [4.4029668, 50.8850377], [4.403097, 50.885257], [4.402003, 50.8859352], [4.3873111, 50.8819966]]]}}, {"type": "Feature", "properties": {"name": "Forest"}, "geometry": {"type": "Polygon", "coordinates": [[[4.3020229, 50.8040434], [4.3020536, 50.8038047], [4.3020932, 50.8036501], [4.3022126, 50.8033727], [4.3022936, 50.803249], [4.3024582, 50.8030349], [4.3025609, 50.8029187], [4.3027079, 50.8027488], [4.3029652, 50.8024275], [4.3029976, 50.8023737], [4.3033688, 50.8021627], [4.3034405, 50.8020012], [4.3034924, 50.8018888], [4.3035, 50.8018706], [4.3035704, 50.8017197], [4.3036179, 50.8016252], [4.3037344, 50.8014477], [4.3038674, 50.8012433], [4.3038961, 50.8012031], [4.3039914, 50.8010186], [4.3042197, 50.8005782], [4.3042777, 50.8003801], [4.3043044, 50.8002058], [4.3042635, 50.8000295], [4.3041905, 50.7999905], [4.3045059, 50.7993113], [4.3049461, 50.7987518], [4.3051466, 50.7986326], [4.3053562, 50.7986278], [4.3054237, 50.7986217], [4.3060287, 50.7985426], [4.3101269, 50.7980111], [4.3104837, 50.7979627], [4.3107148, 50.797931], [4.3107562, 50.7979045], [4.3107129, 50.7978059], [4.3107911, 50.7976712], [4.3108444, 50.7976513], [4.3110798, 50.7976119], [4.3112855, 50.7975936], [4.3114351, 50.7976222], [4.3115534, 50.7975556], [4.3117024, 50.7975425], [4.3117765, 50.7975235], [4.3117984, 50.7975121], [4.3118244, 50.7979669], [4.3119736, 50.7980279], [4.3122205, 50.7981491], [4.3125122, 50.7982723], [4.3131949, 50.7985352], [4.3135848, 50.7986413], [4.3141488, 50.7988096], [4.314966, 50.7990628], [4.3151122, 50.7991014], [4.3151484, 50.7990663], [4.3151617, 50.7990641], [4.3153062, 50.7990825], [4.31539, 50.7991041], [4.315501, 50.7991618], [4.3155452, 50.7991796], [4.3156354, 50.7992053], [4.3158547, 50.7992167], [4.3159692, 50.7992792], [4.3161241, 50.7993181], [4.3163253, 50.7994197], [4.3163193, 50.7994387], [4.3164002, 50.7995145], [4.3166822, 50.7996951], [4.3169468, 50.7998178], [4.3170508, 50.7998437], [4.3171438, 50.799859], [4.3172517, 50.7998637], [4.3173695, 50.799864], [4.3174452, 50.7998611], [4.3178478, 50.7998227], [4.3180937, 50.7998291], [4.3181719, 50.7998415], [4.3182801, 50.799868], [4.3183922, 50.7998995], [4.3184677, 50.7999346], [4.3185402, 50.7999804], [4.3186173, 50.8000096], [4.3186936, 50.8000149], [4.3187282, 50.7999949], [4.3188103, 50.7999321], [4.3194002, 50.8001563], [4.3217056, 50.8006674], [4.3236046, 50.8031271], [4.3243168, 50.8038043], [4.3247244, 50.8045211], [4.3248761, 50.8050763], [4.3249387, 50.8053068], [4.3249814, 50.8054766], [4.3272754, 50.8056806], [4.3279213, 50.8056616], [4.328247, 50.8066592], [4.3282686, 50.8066781], [4.3284614, 50.8065946], [4.3285816, 50.8065193], [4.3292745, 50.8063606], [4.330363, 50.8062547], [4.3307273, 50.8062906], [4.3308589, 50.8063284], [4.3308245, 50.8063774], [4.3310247, 50.8065606], [4.3311331, 50.8066595], [4.3318292, 50.807293], [4.3321015, 50.8075248], [4.3322874, 50.8077463], [4.3324502, 50.8079469], [4.3355337, 50.8084861], [4.3351821, 50.8095394], [4.3356242, 50.8096371], [4.3358359, 50.8096311], [4.3365566, 50.8095404], [4.3370669, 50.8106442], [4.3371117, 50.8107019], [4.3371779, 50.8108204], [4.3372099, 50.8108902], [4.3372613, 50.8109773], [4.3373115, 50.8110995], [4.3372685, 50.8111505], [4.3371982, 50.811197], [4.3367564, 50.8113946], [4.3364045, 50.811614], [4.3360532, 50.8117941], [4.3356732, 50.8120807], [4.3356447, 50.8121062], [4.3356041, 50.8121407], [4.3353356, 50.8123749], [4.3351984, 50.8125028], [4.3350785, 50.8126143], [4.3349385, 50.8127655], [4.3348123, 50.8129032], [4.3347823, 50.812973], [4.3349608, 50.8130566], [4.3350734, 50.8130784], [4.3352845, 50.8131509], [4.3353831, 50.8131743], [4.3354723, 50.8131856], [4.3356802, 50.8131917], [4.3357404, 50.813195], [4.3358084, 50.8132007], [4.33587, 50.813211], [4.3362879, 50.8134895], [4.336549, 50.8137366], [4.337168, 50.8139363], [4.33732, 50.8139467], [4.3375601, 50.8144077], [4.3376038, 50.8146038], [4.3376317, 50.8147128], [4.3376878, 50.8149331], [4.3377522, 50.8151844], [4.3381984, 50.8151002], [4.3386038, 50.8150523], [4.3393844, 50.8149592], [4.3396448, 50.8150592], [4.3406984, 50.8149613], [4.3408059, 50.8151096], [4.3409943, 50.8151029], [4.3411675, 50.8150463], [4.3413018, 50.8149966], [4.3420004, 50.8148379], [4.3420114, 50.8148192], [4.3422822, 50.8147845], [4.3424339, 50.8147665], [4.3426777, 50.8147111], [4.3427698, 50.8146915], [4.3429143, 50.8146549], [4.3429518, 50.8146374], [4.3430046, 50.8146073], [4.3430351, 50.8145476], [4.3430396, 50.8142936], [4.3431789, 50.8142785], [4.3432737, 50.8142549], [4.3435269, 50.8141475], [4.3435984, 50.814115], [4.3436567, 50.814098], [4.3437887, 50.8140692], [4.3438534, 50.8140596], [4.3440637, 50.8140282], [4.3441041, 50.8140284], [4.344756, 50.8140623], [4.3448333, 50.8141184], [4.3449644, 50.8141283], [4.3450524, 50.8140898], [4.3456216, 50.8141568], [4.3461128, 50.8142096], [4.3479222, 50.8142904], [4.3479404, 50.8147686], [4.347825, 50.8147509], [4.3472924, 50.8161349], [4.3491941, 50.8159149], [4.3494862, 50.8158604], [4.3497267, 50.8158138], [4.3503451, 50.8156941], [4.3504175, 50.8158496], [4.3504686, 50.8160605], [4.3505702, 50.8164777], [4.3508658, 50.8164187], [4.3509453, 50.8165633], [4.3509588, 50.816856], [4.3510382, 50.8169871], [4.351054, 50.8173599], [4.3512546, 50.8173133], [4.3514242, 50.8175718], [4.351465, 50.8176213], [4.3517374, 50.8179277], [4.3516332, 50.8179556], [4.3518541, 50.8181996], [4.3518979, 50.8183366], [4.3521969, 50.8186751], [4.3523945, 50.8189847], [4.3523121, 50.8190059], [4.3530952, 50.8202375], [4.3533464, 50.8201747], [4.3536035, 50.8205828], [4.353566, 50.8205364], [4.3533771, 50.8205804], [4.35248, 50.8205711], [4.3521606, 50.8206059], [4.3514312, 50.8206593], [4.3509825, 50.8206755], [4.3506767, 50.8206967], [4.3497606, 50.820749], [4.3492156, 50.8207819], [4.3480129, 50.8208441], [4.3452942, 50.8215903], [4.3447918, 50.8212635], [4.3446678, 50.8212082], [4.3446318, 50.8211979], [4.344544, 50.821121], [4.3443489, 50.8212123], [4.3442653, 50.8212542], [4.3441795, 50.8212948], [4.3437117, 50.8215195], [4.3435968, 50.821575], [4.3432947, 50.8217204], [4.3429445, 50.8218895], [4.3425396, 50.8220956], [4.3423833, 50.8221832], [4.3418869, 50.8224248], [4.341455, 50.8226381], [4.3414892, 50.8227028], [4.3412561, 50.8229761], [4.3412075, 50.8230334], [4.3409585, 50.8232961], [4.3407863, 50.8234779], [4.3404237, 50.8238603], [4.3397165, 50.8246109], [4.3392954, 50.8249838], [4.3389345, 50.8252098], [4.3386139, 50.8253985], [4.338067, 50.8257461], [4.3376331, 50.8259882], [4.3375654, 50.8260193], [4.3374891, 50.8260519], [4.3372691, 50.8262066], [4.3372236, 50.826179], [4.3371918, 50.8261989], [4.3371267, 50.8261586], [4.335906, 50.8268804], [4.3358049, 50.8269423], [4.3354448, 50.8272848], [4.3351894, 50.8275296], [4.3349071, 50.8277899], [4.3347939, 50.8278955], [4.3347073, 50.8279812], [4.334267, 50.8281374], [4.3338925, 50.8282605], [4.3332776, 50.8284656], [4.332616, 50.8286957], [4.3322988, 50.8288073], [4.3321036, 50.8288834], [4.3318551, 50.8289771], [4.3316299, 50.8290202], [4.3313409, 50.829121], [4.3310581, 50.829217], [4.3302732, 50.8295245], [4.3299087, 50.8296419], [4.3293372, 50.8298148], [4.3259014, 50.8305476], [4.3258566, 50.8305027], [4.3257144, 50.8302207], [4.3256612, 50.8301152], [4.3255686, 50.8299082], [4.3254811, 50.8297117], [4.3254305, 50.8296173], [4.325402, 50.8295309], [4.3253353, 50.8293337], [4.3252595, 50.8291485], [4.3250867, 50.8288546], [4.3250003, 50.8287613], [4.3248597, 50.8287005], [4.3247543, 50.8286793], [4.3246235, 50.8286757], [4.324502, 50.8286598], [4.3243932, 50.8286744], [4.3241828, 50.8287113], [4.3241149, 50.8287096], [4.324077, 50.8287073], [4.3240101, 50.8287014], [4.3239171, 50.8286689], [4.3238716, 50.8286428], [4.3238264, 50.8286067], [4.3237769, 50.8285103], [4.3237422, 50.8284361], [4.3236192, 50.8282485], [4.3235394, 50.8281377], [4.3233889, 50.8280044], [4.323272, 50.8279362], [4.323105, 50.8278312], [4.3230219, 50.8277752], [4.3228849, 50.8276739], [4.3227233, 50.8275294], [4.3226641, 50.827469], [4.3225069, 50.827325], [4.322003, 50.8269792], [4.3219279, 50.8269268], [4.3218672, 50.8268805], [4.3217861, 50.8268106], [4.3215443, 50.8265515], [4.3215043, 50.8265019], [4.321518, 50.8263543], [4.3215349, 50.8262125], [4.3215674, 50.8260237], [4.3215009, 50.825905], [4.321378, 50.8257051], [4.3211624, 50.825409], [4.3211235, 50.8253327], [4.3211053, 50.8252822], [4.3210505, 50.8249305], [4.321065, 50.8247674], [4.3210127, 50.8246842], [4.3209473, 50.824612], [4.3207471, 50.8244663], [4.3204912, 50.824295], [4.3203864, 50.8242274], [4.3201523, 50.8241367], [4.3200668, 50.8241107], [4.3199858, 50.8240875], [4.3197951, 50.8240113], [4.3195949, 50.8239243], [4.3193967, 50.8238024], [4.3193257, 50.8237081], [4.3193221, 50.8236163], [4.3193426, 50.823549], [4.3193395, 50.8235033], [4.3193344, 50.8234735], [4.3192261, 50.8234702], [4.3191667, 50.8234675], [4.3191326, 50.8234638], [4.3191213, 50.8234607], [4.3188131, 50.8230137], [4.3185379, 50.8227423], [4.3182596, 50.8224585], [4.3180857, 50.8223204], [4.3178509, 50.8222229], [4.3175002, 50.8220914], [4.3172405, 50.8219915], [4.3169919, 50.8218928], [4.3168055, 50.8218271], [4.3165158, 50.8217282], [4.3163774, 50.8216852], [4.316105, 50.8216281], [4.31594, 50.8215452], [4.3154611, 50.8213522], [4.3151888, 50.8212618], [4.3146725, 50.8210839], [4.3144338, 50.8210152], [4.3142165, 50.8209769], [4.3138705, 50.8209394], [4.313677, 50.8209103], [4.3135812, 50.8208818], [4.3134312, 50.8208109], [4.3133497, 50.8207611], [4.3132563, 50.8206883], [4.3131517, 50.8205557], [4.3130322, 50.820351], [4.3129505, 50.8202646], [4.3128102, 50.8202], [4.3127232, 50.820174], [4.3126076, 50.8201436], [4.3123609, 50.8201105], [4.3120324, 50.8200911], [4.3112273, 50.820032], [4.3108343, 50.8200011], [4.3107662, 50.8199864], [4.3107019, 50.8199237], [4.3106911, 50.8198498], [4.3106887, 50.8197793], [4.3107387, 50.8193538], [4.31077, 50.8191021], [4.3107744, 50.8189711], [4.3107627, 50.8189296], [4.3107317, 50.8188594], [4.3106864, 50.8187705], [4.3104068, 50.818339], [4.3102588, 50.8181348], [4.3099082, 50.8179164], [4.3097721, 50.8178637], [4.3092044, 50.8177386], [4.3089963, 50.8176774], [4.3088413, 50.8176057], [4.3084842, 50.8173924], [4.3083061, 50.8172883], [4.3081487, 50.8172332], [4.3080847, 50.8172177], [4.3080225, 50.8172137], [4.3079871, 50.8171953], [4.307955, 50.8171647], [4.3079577, 50.8171456], [4.3079913, 50.8170952], [4.3080082, 50.817061], [4.3080419, 50.8169783], [4.3081049, 50.816916], [4.3082564, 50.816778], [4.3081214, 50.8164003], [4.3081094, 50.8163204], [4.308656, 50.8160552], [4.3097852, 50.8155786], [4.3099987, 50.8154876], [4.3102257, 50.8154023], [4.31022, 50.8153415], [4.3102078, 50.8152863], [4.3101833, 50.815245], [4.310122, 50.8151693], [4.3100658, 50.8151058], [4.3099701, 50.8150174], [4.3100824, 50.8148723], [4.3101706, 50.814753], [4.3102096, 50.8146935], [4.3102368, 50.8146459], [4.3102904, 50.8146053], [4.3103217, 50.814582], [4.3103737, 50.8145484], [4.310467, 50.8145123], [4.3105287, 50.8144821], [4.3105821, 50.8144365], [4.3106294, 50.8143787], [4.3106569, 50.8143417], [4.3106784, 50.8142825], [4.3106817, 50.8142542], [4.3106807, 50.8142229], [4.3106277, 50.8141073], [4.3104092, 50.813784], [4.3103407, 50.8136518], [4.3100742, 50.8133782], [4.3096335, 50.8130092], [4.308486, 50.8125285], [4.3084112, 50.8124633], [4.3083468, 50.8122652], [4.3077621, 50.8123169], [4.307122, 50.8123775], [4.3064519, 50.8124433], [4.3057623, 50.811263], [4.3057517, 50.8112655], [4.305657, 50.8109731], [4.3056127, 50.8107607], [4.30567, 50.810658], [4.3057243, 50.8105234], [4.3057274, 50.8104459], [4.3056846, 50.8102428], [4.3056513, 50.8100854], [4.3056186, 50.8099302], [4.3055045, 50.809321], [4.305452, 50.8092041], [4.305305, 50.8091773], [4.3046839, 50.8091854], [4.30458, 50.8091874], [4.3045299, 50.8091847], [4.3045074, 50.8091824], [4.304434, 50.8091539], [4.3043381, 50.809057], [4.3041526, 50.8086926], [4.3039987, 50.8082562], [4.3034341, 50.8073422], [4.3033817, 50.8072948], [4.3033163, 50.8071709], [4.3032154, 50.8067565], [4.3031761, 50.8065996], [4.3031008, 50.8059261], [4.3030651, 50.805481], [4.3030369, 50.8053489], [4.302647, 50.8049334], [4.30264, 50.804935], [4.3022706, 50.8045252], [4.3020969, 50.8042862], [4.3020526, 50.8042224], [4.302027, 50.8041556], [4.3020229, 50.8040434]]]}}, {"type": "Feature", "properties": {"name": "Ganshoren"}, "geometry": {"type": "Polygon", "coordinates": [[[4.2915308, 50.8752766], [4.2917904, 50.8751328], [4.2922492, 50.874916], [4.2931506, 50.8745623], [4.29354, 50.8743011], [4.2938983, 50.8741406], [4.2940513, 50.8740715], [4.2959795, 50.8731214], [4.2967055, 50.8725943], [4.2967906, 50.8725218], [4.2968778, 50.8724555], [4.2971991, 50.8722107], [4.2985797, 50.8717226], [4.3000467, 50.8709802], [4.3003535, 50.8708265], [4.3008352, 50.87059], [4.3012341, 50.8704018], [4.3018054, 50.8701421], [4.3025612, 50.8698443], [4.3033028, 50.869548], [4.3037818, 50.8693519], [4.3039181, 50.8693048], [4.3044739, 50.869143], [4.3046717, 50.869104], [4.3047658, 50.8690949], [4.3052138, 50.8691751], [4.3055897, 50.869242], [4.3063366, 50.8693102], [4.3074153, 50.8692647], [4.3082045, 50.8693016], [4.3087619, 50.8693247], [4.3100798, 50.8691357], [4.3099821, 50.8689578], [4.3101516, 50.8688625], [4.3103281, 50.8687658], [4.3113265, 50.8683853], [4.3124451, 50.8679626], [4.3125814, 50.8679117], [4.3127654, 50.8678702], [4.3129712, 50.8678196], [4.3131671, 50.8677612], [4.3135568, 50.867612], [4.3139213, 50.8674744], [4.314013, 50.8674615], [4.3140584, 50.8671372], [4.3150825, 50.8671999], [4.3151619, 50.8672006], [4.3160236, 50.8671816], [4.3166453, 50.8671036], [4.3172308, 50.867074], [4.3186477, 50.8668568], [4.3189021, 50.8667993], [4.3191457, 50.866751], [4.3194725, 50.866697], [4.3197662, 50.8666762], [4.3203223, 50.8665727], [4.3204508, 50.8665339], [4.3205811, 50.8665039], [4.3206872, 50.8664885], [4.3208677, 50.8664545], [4.3211379, 50.8664323], [4.3213482, 50.8664021], [4.321468, 50.8663773], [4.321927, 50.866263], [4.3221415, 50.8662247], [4.322267, 50.8662071], [4.3225188, 50.8661863], [4.3227792, 50.8661362], [4.3230815, 50.8660498], [4.3233793, 50.8659132], [4.3239843, 50.8656009], [4.3244109, 50.8653102], [4.3248226, 50.8650896], [4.3261445, 50.8656558], [4.3251312, 50.8666445], [4.3252223, 50.8666754], [4.3250214, 50.8669743], [4.324878, 50.8669387], [4.3248478, 50.8671216], [4.3246626, 50.8670805], [4.3246559, 50.8671311], [4.3240525, 50.8669691], [4.3205646, 50.8721694], [4.3215492, 50.8723818], [4.3220747, 50.8724914], [4.3233704, 50.8727068], [4.3230496, 50.8731868], [4.3225497, 50.8739369], [4.3225281, 50.8739669], [4.322496, 50.8740101], [4.3224386, 50.874077], [4.322425, 50.8740927], [4.3223911, 50.8741258], [4.3223463, 50.8741694], [4.3223021, 50.8742065], [4.322258, 50.8742436], [4.3222195, 50.8742711], [4.3221627, 50.8743113], [4.3221375, 50.8743269], [4.3220522, 50.8743794], [4.320416, 50.875186], [4.3206689, 50.8766933], [4.3207021, 50.8768911], [4.320721, 50.8769942], [4.3207345, 50.8770497], [4.3207524, 50.8771104], [4.3207757, 50.877175], [4.3208003, 50.8772345], [4.3208216, 50.8772808], [4.3208566, 50.877348], [4.3208944, 50.877412], [4.321098, 50.8777277], [4.3209388, 50.877771], [4.3208412, 50.8778011], [4.3207001, 50.8778498], [4.3205952, 50.8778899], [4.320446, 50.8779544], [4.319339, 50.8784703], [4.319384, 50.8786409], [4.3195236, 50.8793801], [4.3197187, 50.8798977], [4.3196577, 50.8802379], [4.3159334, 50.8799587], [4.3145163, 50.8799153], [4.3142847, 50.8799118], [4.3139787, 50.8799199], [4.3135869, 50.8799416], [4.3133079, 50.8799656], [4.3128863, 50.8800173], [4.3125401, 50.8800747], [4.3114849, 50.8803106], [4.3094402, 50.8807807], [4.3081023, 50.8810494], [4.3076297, 50.8811376], [4.3068733, 50.8812722], [4.3060137, 50.8813978], [4.3021149, 50.8817588], [4.2982052, 50.8821012], [4.2982071, 50.8820936], [4.2982209, 50.8820546], [4.2982862, 50.8818692], [4.2983473, 50.8816833], [4.2983908, 50.881542], [4.2984203, 50.881437], [4.298513, 50.8811582], [4.2985762, 50.8809846], [4.2985873, 50.8809279], [4.2986528, 50.8808008], [4.2987214, 50.8806563], [4.2987386, 50.8805744], [4.2987736, 50.8805157], [4.2988327, 50.8804435], [4.2988408, 50.8803737], [4.298831, 50.8802492], [4.2988323, 50.8801484], [4.29886, 50.8800554], [4.2988624, 50.8800022], [4.2988999, 50.8799278], [4.2988483, 50.8797647], [4.2986106, 50.879648], [4.2985686, 50.879461], [4.2984925, 50.8794117], [4.2984877, 50.8793063], [4.2983885, 50.8792399], [4.2983531, 50.8791289], [4.2982798, 50.8790687], [4.298206, 50.8789794], [4.2980303, 50.8788619], [4.2978113, 50.8787292], [4.2976654, 50.8786875], [4.2976125, 50.8786109], [4.2974798, 50.8785656], [4.297327, 50.8784842], [4.2971984, 50.8784268], [4.2971532, 50.8783631], [4.2970496, 50.878336], [4.2969703, 50.8782909], [4.2966932, 50.8782169], [4.2965856, 50.8781149], [4.29643, 50.8780484], [4.2962732, 50.8779926], [4.2961534, 50.8779345], [4.2960814, 50.8778727], [4.2959762, 50.8778507], [4.2958613, 50.8777289], [4.2957112, 50.877719], [4.2956918, 50.8776437], [4.2953777, 50.8775366], [4.2952668, 50.8775367], [4.2951916, 50.8774803], [4.2950892, 50.8774413], [4.2949687, 50.8774467], [4.294875, 50.8774221], [4.2948081, 50.8773828], [4.2947893, 50.8772857], [4.2944219, 50.8771541], [4.2942853, 50.8771342], [4.2944166, 50.8769852], [4.2943829, 50.8769116], [4.2944264, 50.8768792], [4.2946041, 50.8769026], [4.2945749, 50.8768291], [4.294362, 50.8767138], [4.2942751, 50.8766552], [4.2941356, 50.8766177], [4.2940249, 50.8764218], [4.2939695, 50.8764096], [4.2937606, 50.8764327], [4.2936647, 50.8763934], [4.293699, 50.8763544], [4.2936982, 50.8763145], [4.2936968, 50.8762366], [4.2936968, 50.8762363], [4.293696, 50.8761968], [4.2936032, 50.8761216], [4.293543, 50.876086], [4.2934629, 50.8760388], [4.2932228, 50.875907], [4.2930537, 50.875846], [4.293053, 50.8758181], [4.293051, 50.8757306], [4.2927531, 50.8756556], [4.2924983, 50.875642], [4.2924462, 50.8755359], [4.2921712, 50.8755354], [4.292131, 50.8755165], [4.2920142, 50.8753945], [4.2919152, 50.8753475], [4.2918327, 50.8753239], [4.2916645, 50.8752638], [4.2915308, 50.8752766]]]}}, {"type": "Feature", "properties": {"name": "Ixelles"}, "geometry": {"type": "MultiPolygon", "coordinates": [[[[4.3472924, 50.8161349], [4.347825, 50.8147509], [4.3479404, 50.8147686], [4.3479222, 50.8142904], [4.349086, 50.8143352], [4.3501634, 50.8143803], [4.3513537, 50.8144333], [4.3519864, 50.8144616], [4.3543011, 50.814558], [4.3575234, 50.8146925], [4.357316, 50.8154292], [4.3576609, 50.8154412], [4.3575848, 50.8157122], [4.3579676, 50.8157559], [4.35778, 50.8164203], [4.3594182, 50.8166544], [4.359474, 50.8164945], [4.3600935, 50.8166062], [4.3602991, 50.8166261], [4.3605281, 50.8166677], [4.3612052, 50.8164269], [4.3617883, 50.8162224], [4.3623745, 50.8163385], [4.3626139, 50.8157929], [4.3632888, 50.8158187], [4.3635219, 50.8157986], [4.3650949, 50.816265], [4.365791, 50.8164678], [4.3663125, 50.8166558], [4.3663382, 50.8166311], [4.3665142, 50.8167029], [4.3667654, 50.8169366], [4.3669105, 50.8169252], [4.3670485, 50.8168634], [4.3671132, 50.8168283], [4.3673219, 50.8166858], [4.3672937, 50.8165235], [4.3677304, 50.8163408], [4.3677971, 50.8163506], [4.3678636, 50.8161909], [4.3680713, 50.8162185], [4.3681443, 50.8160467], [4.3675508, 50.8159442], [4.3677641, 50.8154366], [4.3677859, 50.8154397], [4.367876, 50.8152138], [4.3679789, 50.8152303], [4.3681219, 50.8148668], [4.3706739, 50.81527], [4.3706084, 50.8155557], [4.3705588, 50.8158023], [4.3704503, 50.8163434], [4.3702948, 50.8171819], [4.3699698, 50.818202], [4.3696418, 50.8192489], [4.3677515, 50.8202587], [4.3664351, 50.8209589], [4.3666003, 50.8215817], [4.3667544, 50.8221206], [4.3668856, 50.822574], [4.3668978, 50.8226006], [4.3669809, 50.8227065], [4.3670791, 50.8228235], [4.367222, 50.8229941], [4.3650134, 50.8231477], [4.3655881, 50.8234813], [4.365531, 50.8235149], [4.3652422, 50.8236434], [4.3651468, 50.8236745], [4.3643334, 50.8241215], [4.364613, 50.8242591], [4.3649511, 50.8245105], [4.3645569, 50.8249712], [4.3634106, 50.8254362], [4.3633202, 50.8259866], [4.3630399, 50.826175], [4.3626288, 50.826464], [4.3620993, 50.8262519], [4.3617044, 50.8265333], [4.3622433, 50.8268283], [4.3606665, 50.8283559], [4.3596922, 50.8293041], [4.3583259, 50.8306281], [4.3581158, 50.8303733], [4.3584444, 50.8302451], [4.358013, 50.8297088], [4.3578688, 50.8295276], [4.3576757, 50.8292793], [4.3576001, 50.8291981], [4.357135, 50.8288661], [4.3576028, 50.8286095], [4.3570032, 50.8281633], [4.3580855, 50.8275392], [4.3583555, 50.8273776], [4.3584601, 50.8273165], [4.3585481, 50.827272], [4.358532, 50.8271152], [4.3585198, 50.8269259], [4.3584262, 50.8259515], [4.3582864, 50.8256043], [4.3583515, 50.8254644], [4.3583534, 50.8254006], [4.3584463, 50.8249426], [4.3581544, 50.8250467], [4.3580204, 50.8249563], [4.3575075, 50.8247264], [4.3572068, 50.8245366], [4.3570136, 50.8244469], [4.3572266, 50.8243043], [4.3569256, 50.8241996], [4.3568507, 50.8241767], [4.3568022, 50.8241588], [4.3567475, 50.8241401], [4.3566674, 50.8241127], [4.3565653, 50.8240777], [4.356177, 50.8239604], [4.3560471, 50.8239203], [4.355896, 50.8238692], [4.3548339, 50.823168], [4.3543791, 50.8228301], [4.3541122, 50.8227045], [4.3538993, 50.8225199], [4.3538338, 50.8214945], [4.3537252, 50.820973], [4.3536723, 50.820715], [4.3536292, 50.8205832], [4.3536035, 50.8205828], [4.3533464, 50.8201747], [4.3530952, 50.8202375], [4.3523121, 50.8190059], [4.3523945, 50.8189847], [4.3521969, 50.8186751], [4.3518979, 50.8183366], [4.3518541, 50.8181996], [4.3516332, 50.8179556], [4.3517374, 50.8179277], [4.351465, 50.8176213], [4.3514242, 50.8175718], [4.3512546, 50.8173133], [4.351054, 50.8173599], [4.3510382, 50.8169871], [4.3509588, 50.816856], [4.3509453, 50.8165633], [4.3508658, 50.8164187], [4.3505702, 50.8164777], [4.3504686, 50.8160605], [4.3504175, 50.8158496], [4.3503451, 50.8156941], [4.3497267, 50.8158138], [4.3494862, 50.8158604], [4.3491941, 50.8159149], [4.3472924, 50.8161349]]], [[[4.3560899, 50.8357674], [4.3568667, 50.8349651], [4.3563105, 50.8347276], [4.3573473, 50.8337248], [4.3580345, 50.8336302], [4.3587856, 50.8335269], [4.3599428, 50.8323985], [4.3597047, 50.8322183], [4.3606597, 50.8317112], [4.3603714, 50.8315059], [4.3632804, 50.830173], [4.3640682, 50.8302266], [4.3641005, 50.830042], [4.3642907, 50.8300829], [4.3644094, 50.8300212], [4.3654724, 50.8304084], [4.3664178, 50.8294105], [4.3657353, 50.8291493], [4.365161, 50.8289276], [4.3655129, 50.8285545], [4.364697, 50.8276242], [4.3667885, 50.8262429], [4.3667376, 50.8262057], [4.3669596, 50.8260671], [4.3668668, 50.8259996], [4.3675425, 50.8255933], [4.3674808, 50.8255446], [4.3674306, 50.8255696], [4.3671131, 50.8253156], [4.3679426, 50.8250187], [4.3687472, 50.8247335], [4.3685099, 50.8244626], [4.3694843, 50.8241015], [4.3704039, 50.8240047], [4.3704895, 50.8239911], [4.3708097, 50.8235045], [4.3718474, 50.8221033], [4.372579, 50.8211219], [4.3731557, 50.8203547], [4.3736187, 50.8197294], [4.3739622, 50.8193814], [4.3748827, 50.818455], [4.3757695, 50.8175562], [4.3760079, 50.8173155], [4.3762764, 50.8170447], [4.3769607, 50.8163513], [4.3772414, 50.81606], [4.3772743, 50.8160204], [4.3774943, 50.8157545], [4.3777369, 50.8154689], [4.3783015, 50.8148117], [4.3786172, 50.81445], [4.3791217, 50.8138441], [4.3825903, 50.8158511], [4.3828504, 50.8156333], [4.3829595, 50.8155189], [4.3830223, 50.8154528], [4.3831572, 50.8152967], [4.3832361, 50.8151979], [4.3833835, 50.814985], [4.383411, 50.8149401], [4.3834482, 50.8148725], [4.3835265, 50.8147211], [4.3835893, 50.8145798], [4.3836243, 50.8144823], [4.3836874, 50.8141995], [4.3837019, 50.8141437], [4.3837505, 50.8139047], [4.3838376, 50.8135755], [4.3839057, 50.8134409], [4.383946, 50.8133804], [4.3847811, 50.8121925], [4.3850138, 50.8118656], [4.3850638, 50.8117912], [4.3850973, 50.8117326], [4.3851439, 50.811639], [4.3851872, 50.8115336], [4.3852164, 50.8114346], [4.3852357, 50.8113466], [4.3852516, 50.8112187], [4.3852559, 50.8110771], [4.3852621, 50.8110157], [4.3852723, 50.8109312], [4.3852942, 50.8108295], [4.3853232, 50.8107236], [4.3853867, 50.8105532], [4.3854328, 50.8104573], [4.3854794, 50.8103727], [4.3855629, 50.8102392], [4.3856297, 50.8101342], [4.3858129, 50.8098665], [4.3862408, 50.8092417], [4.3864342, 50.8089615], [4.3865901, 50.8087367], [4.3866572, 50.8086345], [4.3867078, 50.8085482], [4.3867829, 50.8084136], [4.3868527, 50.8082693], [4.38689, 50.8081837], [4.3869636, 50.8079805], [4.3870009, 50.807861], [4.387021, 50.8077852], [4.3870386, 50.8077263], [4.3870929, 50.8073618], [4.3872956, 50.806131], [4.3873554, 50.8058075], [4.3874006, 50.8056625], [4.3874639, 50.8055232], [4.3875143, 50.8054221], [4.3875744, 50.8053266], [4.3876304, 50.8052446], [4.3877076, 50.8051433], [4.3877697, 50.8050721], [4.3879478, 50.8048829], [4.3887724, 50.8039912], [4.3904636, 50.8021632], [4.3937751, 50.8007534], [4.3968997, 50.8017554], [4.3969642, 50.801776], [4.3970104, 50.8018991], [4.3969295, 50.8021365], [4.3968976, 50.8023258], [4.3968808, 50.8023772], [4.396799, 50.8025805], [4.3967709, 50.8026355], [4.3965665, 50.8028724], [4.3965194, 50.8029295], [4.3964916, 50.8029756], [4.3964591, 50.8030461], [4.3964261, 50.8031467], [4.396391, 50.8033493], [4.3963803, 50.8034574], [4.3963971, 50.8035591], [4.3964341, 50.8036632], [4.3965583, 50.8038259], [4.3966841, 50.8040406], [4.3968763, 50.8045479], [4.3969556, 50.804659], [4.3969793, 50.8047067], [4.3969972, 50.8047631], [4.3970045, 50.8047975], [4.3970156, 50.8049162], [4.3970324, 50.8053653], [4.3970393, 50.8054508], [4.3970658, 50.8055241], [4.3971075, 50.8056375], [4.3971929, 50.8059865], [4.3972213, 50.8061298], [4.3972755, 50.8062928], [4.3973318, 50.8066235], [4.3973155, 50.8068675], [4.3972936, 50.8069429], [4.3972657, 50.8071084], [4.3972645, 50.8071733], [4.39735, 50.8078698], [4.3973513, 50.8080721], [4.3973663, 50.8082309], [4.3973104, 50.8084738], [4.3972261, 50.808682], [4.397043, 50.808891], [4.3969188, 50.8089781], [4.396803, 50.8090639], [4.3967231, 50.8091128], [4.3966143, 50.8091558], [4.396371, 50.8092371], [4.3960105, 50.8093643], [4.3955305, 50.8095819], [4.3951894, 50.8096924], [4.3947799, 50.8097801], [4.3946456, 50.8098168], [4.3943489, 50.8099486], [4.3942199, 50.8100337], [4.3941465, 50.8100906], [4.3939232, 50.8104603], [4.3936603, 50.8108789], [4.3934267, 50.8111742], [4.3932287, 50.8113094], [4.3928327, 50.8116145], [4.3927393, 50.8117261], [4.3922758, 50.8120764], [4.3934723, 50.81236], [4.3945058, 50.8126039], [4.3963166, 50.8130295], [4.3966561, 50.8131033], [4.3969073, 50.8131378], [4.3972322, 50.8132052], [4.3975478, 50.8131901], [4.3977142, 50.8131967], [4.3978869, 50.8132381], [4.3980394, 50.8132949], [4.397649, 50.8139706], [4.3975726, 50.8139538], [4.3971575, 50.814458], [4.3970098, 50.8147251], [4.3970502, 50.8147347], [4.3968772, 50.8150186], [4.3965203, 50.8153728], [4.396066, 50.815734], [4.3955989, 50.8160607], [4.3951991, 50.8164208], [4.3949868, 50.8165782], [4.3941907, 50.8172595], [4.3942835, 50.8173148], [4.3952025, 50.8177147], [4.3952571, 50.8177329], [4.3953895, 50.8176271], [4.3955693, 50.817438], [4.3959141, 50.8171415], [4.39625, 50.8168242], [4.3971049, 50.8162761], [4.3976271, 50.816443], [4.3970761, 50.8170575], [4.3971262, 50.8172372], [4.3973844, 50.817163], [4.3976668, 50.8170845], [4.3978333, 50.8170443], [4.3980054, 50.817007], [4.3982689, 50.8169691], [4.3985566, 50.8169376], [4.3988586, 50.8169213], [4.3991143, 50.8169196], [4.3993878, 50.8169237], [4.3995768, 50.8169341], [4.3999288, 50.8169611], [4.4003704, 50.8170278], [4.4007945, 50.8171207], [4.4012563, 50.8172607], [4.4016865, 50.8174336], [4.4017603, 50.8174748], [4.4019059, 50.8175491], [4.4024588, 50.8178822], [4.4026684, 50.8180089], [4.4028862, 50.8182019], [4.4031579, 50.8186189], [4.4032363, 50.8187678], [4.403337, 50.8189723], [4.4033909, 50.8191186], [4.4034336, 50.8192652], [4.4034591, 50.8194439], [4.403468, 50.8196333], [4.4034606, 50.8198323], [4.4034475, 50.8199156], [4.4033415, 50.8203223], [4.4032067, 50.8205644], [4.4031206, 50.8207024], [4.4030759, 50.8207631], [4.4030359, 50.8208151], [4.4029864, 50.8208729], [4.4028817, 50.8209884], [4.4028537, 50.8210213], [4.4027584, 50.8211372], [4.4025162, 50.8213185], [4.4022864, 50.8214759], [4.4017856, 50.8218197], [4.4012115, 50.8222124], [4.3997606, 50.8232036], [4.3990273, 50.8237051], [4.3982953, 50.8242048], [4.3971719, 50.8249696], [4.3960509, 50.8257425], [4.3895599, 50.8224708], [4.389246, 50.8227359], [4.3892644, 50.8227464], [4.3883651, 50.823675], [4.387814, 50.8241711], [4.3870169, 50.8247503], [4.3870722, 50.8247998], [4.3868419, 50.8249715], [4.3862992, 50.8254086], [4.3859013, 50.8256983], [4.3855039, 50.8259702], [4.3854956, 50.8260427], [4.3854615, 50.8260657], [4.3853476, 50.8260764], [4.3845186, 50.8266647], [4.3836557, 50.8271554], [4.3830789, 50.8275588], [4.3824982, 50.8281177], [4.3819687, 50.8283861], [4.3810793, 50.8290556], [4.37998, 50.8300777], [4.3803682, 50.8304264], [4.3809897, 50.8312026], [4.3823587, 50.8329129], [4.3817728, 50.8330988], [4.3808662, 50.8334003], [4.3789886, 50.8340263], [4.3792368, 50.8343241], [4.3792653, 50.8344049], [4.3792781, 50.8344885], [4.3792821, 50.8346906], [4.3793212, 50.8347155], [4.3792842, 50.834755], [4.3792898, 50.8348808], [4.379402, 50.8352446], [4.3794587, 50.8353555], [4.3795303, 50.8354745], [4.3795824, 50.8355727], [4.3795642, 50.8356189], [4.3794654, 50.8356905], [4.3793593, 50.8357957], [4.379302, 50.8359215], [4.3792228, 50.836032], [4.379171, 50.8361266], [4.3791698, 50.836142], [4.3791822, 50.8362185], [4.3792036, 50.8362933], [4.3793068, 50.8364881], [4.3796095, 50.8368305], [4.3794669, 50.8368503], [4.3794106, 50.836812], [4.3793902, 50.8368147], [4.379377, 50.8367637], [4.3789899, 50.8365083], [4.378834, 50.8364415], [4.3786941, 50.8363831], [4.3785807, 50.83635], [4.3785363, 50.8364181], [4.3784242, 50.8363879], [4.3784416, 50.836365], [4.3781274, 50.8363241], [4.3777683, 50.8362594], [4.3775141, 50.8362047], [4.3775739, 50.8360607], [4.3767502, 50.835931], [4.3767997, 50.8357892], [4.3765176, 50.8357601], [4.3763429, 50.8357512], [4.3761208, 50.8357507], [4.3758753, 50.8357638], [4.3746016, 50.8358777], [4.3745789, 50.8359702], [4.3758069, 50.8360824], [4.3760125, 50.836692], [4.3760968, 50.8367362], [4.376202, 50.8370447], [4.3761152, 50.837002], [4.3762125, 50.8373138], [4.3762291, 50.8373238], [4.3752696, 50.8380102], [4.3750688, 50.838052], [4.375975, 50.8398028], [4.3755351, 50.8399702], [4.3750399, 50.8401612], [4.3745142, 50.8402738], [4.3739874, 50.8403852], [4.3728194, 50.8406301], [4.3722822, 50.8396101], [4.372123, 50.8392963], [4.3686814, 50.8400162], [4.3683053, 50.8392961], [4.3675734, 50.8389145], [4.3670936, 50.8393095], [4.3659533, 50.8387406], [4.36467, 50.8387157], [4.3628989, 50.8386779], [4.3619609, 50.8382824], [4.3617034, 50.8381742], [4.3616497, 50.8381517], [4.3615872, 50.8382111], [4.3587055, 50.8369028], [4.3573726, 50.8363231], [4.3560899, 50.8357674]]]]}}, {"type": "Feature", "properties": {"name": "Jette"}, "geometry": {"type": "Polygon", "coordinates": [[[4.2937616, 50.8890454], [4.2937792, 50.8889391], [4.2938414, 50.8885559], [4.2938923, 50.8879277], [4.2939092, 50.8878851], [4.2939179, 50.8875194], [4.2939083, 50.8873075], [4.2939145, 50.8871545], [4.2939373, 50.8870765], [4.294024, 50.8869141], [4.2941995, 50.8866384], [4.2944598, 50.8863178], [4.2946053, 50.8861252], [4.2946769, 50.886064], [4.2948637, 50.8859249], [4.294927, 50.885879], [4.2952776, 50.8856006], [4.2955595, 50.885439], [4.2957582, 50.8853265], [4.2959322, 50.8852596], [4.2961207, 50.885172], [4.2962546, 50.8851116], [4.2964114, 50.8850367], [4.2965654, 50.8849768], [4.2966274, 50.8849877], [4.2968391, 50.885061], [4.2969186, 50.8850838], [4.2969993, 50.8850692], [4.297053, 50.8850387], [4.2970965, 50.8848717], [4.2971231, 50.884793], [4.2972109, 50.884658], [4.2972905, 50.8845489], [4.2973385, 50.884492], [4.2973684, 50.8844284], [4.2973874, 50.8843974], [4.2974492, 50.8842315], [4.2975346, 50.8840646], [4.2975675, 50.8839896], [4.2976463, 50.8838692], [4.2977418, 50.8837271], [4.2977989, 50.8836645], [4.2978358, 50.8835973], [4.2978972, 50.8835097], [4.2979528, 50.8833661], [4.297953, 50.8832312], [4.297959, 50.8831314], [4.2979849, 50.8830055], [4.2980041, 50.8828271], [4.2980453, 50.8827694], [4.2980982, 50.8827176], [4.2981518, 50.8826583], [4.2981776, 50.8825794], [4.2982032, 50.8825138], [4.2981989, 50.8824435], [4.298172, 50.8822928], [4.2981777, 50.8821748], [4.2982052, 50.8821012], [4.3021149, 50.8817588], [4.3060137, 50.8813978], [4.3068733, 50.8812722], [4.3076297, 50.8811376], [4.3081023, 50.8810494], [4.3094402, 50.8807807], [4.3114849, 50.8803106], [4.3125401, 50.8800747], [4.3128863, 50.8800173], [4.3133079, 50.8799656], [4.3135869, 50.8799416], [4.3139787, 50.8799199], [4.3142847, 50.8799118], [4.3145163, 50.8799153], [4.3159334, 50.8799587], [4.3196577, 50.8802379], [4.3197187, 50.8798977], [4.3195236, 50.8793801], [4.319384, 50.8786409], [4.319339, 50.8784703], [4.320446, 50.8779544], [4.3205952, 50.8778899], [4.3207001, 50.8778498], [4.3208412, 50.8778011], [4.3209388, 50.877771], [4.321098, 50.8777277], [4.3208944, 50.877412], [4.3208566, 50.877348], [4.3208216, 50.8772808], [4.3208003, 50.8772345], [4.3207757, 50.877175], [4.3207524, 50.8771104], [4.3207345, 50.8770497], [4.320721, 50.8769942], [4.3207021, 50.8768911], [4.3206689, 50.8766933], [4.320416, 50.875186], [4.3220522, 50.8743794], [4.3221375, 50.8743269], [4.3221627, 50.8743113], [4.3222195, 50.8742711], [4.322258, 50.8742436], [4.3223021, 50.8742065], [4.3223463, 50.8741694], [4.3223911, 50.8741258], [4.322425, 50.8740927], [4.3224386, 50.874077], [4.322496, 50.8740101], [4.3225281, 50.8739669], [4.3225497, 50.8739369], [4.3230496, 50.8731868], [4.3233704, 50.8727068], [4.3220747, 50.8724914], [4.3215492, 50.8723818], [4.3205646, 50.8721694], [4.3240525, 50.8669691], [4.3246559, 50.8671311], [4.3246626, 50.8670805], [4.3248478, 50.8671216], [4.324878, 50.8669387], [4.3250214, 50.8669743], [4.3252223, 50.8666754], [4.3276146, 50.8674676], [4.3277086, 50.8673858], [4.3280383, 50.8674781], [4.3283376, 50.8671837], [4.3296159, 50.867586], [4.3301478, 50.8670316], [4.3304169, 50.8667499], [4.3306092, 50.8665416], [4.3306793, 50.8664552], [4.3310498, 50.8660059], [4.331247, 50.8657656], [4.3313949, 50.8655749], [4.331502, 50.8655689], [4.332124, 50.8647913], [4.3323674, 50.8645451], [4.3405232, 50.8713633], [4.3402258, 50.8714962], [4.3402136, 50.8715702], [4.3401777, 50.871665], [4.3400854, 50.8719086], [4.3398902, 50.8727824], [4.3398559, 50.8728996], [4.3398246, 50.8729948], [4.3397768, 50.8731229], [4.339182, 50.8746006], [4.3388115, 50.8754644], [4.3385491, 50.8760226], [4.3383628, 50.8763942], [4.339476, 50.8765944], [4.339429, 50.8783005], [4.3392918, 50.8817556], [4.3392392, 50.8818505], [4.3391557, 50.8819928], [4.3390805, 50.8821478], [4.3384473, 50.883232], [4.3380827, 50.8838811], [4.3378212, 50.8843414], [4.3382676, 50.884552], [4.3383323, 50.8848304], [4.3376831, 50.8848906], [4.3370387, 50.8869662], [4.3357889, 50.8868698], [4.3346911, 50.8867883], [4.3345769, 50.8866975], [4.33436, 50.8865272], [4.3342536, 50.8864471], [4.3340902, 50.8863337], [4.3339276, 50.8862277], [4.3338241, 50.8861649], [4.3336486, 50.8860699], [4.3335323, 50.886009], [4.3334351, 50.8859637], [4.3332719, 50.8858924], [4.3331105, 50.8858264], [4.3329105, 50.885751], [4.3326054, 50.885648], [4.3324042, 50.8855885], [4.3322929, 50.8857086], [4.3320025, 50.8856029], [4.3316726, 50.8854961], [4.3313585, 50.8853981], [4.3307785, 50.885241], [4.3305991, 50.8851966], [4.3304475, 50.8851636], [4.3301941, 50.8851177], [4.3301636, 50.8851222], [4.3301357, 50.8851231], [4.3301048, 50.8851279], [4.3300775, 50.8851351], [4.3300483, 50.8851476], [4.3300236, 50.8851634], [4.3299899, 50.8851845], [4.3298932, 50.8853204], [4.3277377, 50.8885384], [4.3274795, 50.8889236], [4.3275352, 50.8889953], [4.3275516, 50.889029], [4.3275592, 50.8890694], [4.3275595, 50.8890927], [4.3275597, 50.8891076], [4.3275639, 50.8891136], [4.3275743, 50.88912], [4.329944, 50.8901075], [4.3297021, 50.8901635], [4.3298012, 50.8905499], [4.3260821, 50.8911454], [4.3276456, 50.8933615], [4.327582, 50.8933857], [4.3274966, 50.8934222], [4.3274271, 50.8934566], [4.3273666, 50.8934898], [4.3273179, 50.8935189], [4.3272247, 50.8935829], [4.3272004, 50.8936039], [4.3271449, 50.8936502], [4.3270834, 50.8936951], [4.3270166, 50.8937347], [4.3269759, 50.8937551], [4.3269456, 50.8937694], [4.3268921, 50.8937921], [4.3268335, 50.8938133], [4.3267773, 50.8938306], [4.3267099, 50.893848], [4.3266304, 50.8938639], [4.326421, 50.8938901], [4.3261884, 50.8939131], [4.3260336, 50.8939276], [4.3244843, 50.8940735], [4.3239252, 50.8941119], [4.3237307, 50.8941179], [4.3235224, 50.8941188], [4.3233659, 50.8941154], [4.3231702, 50.8941074], [4.3230529, 50.8941017], [4.322907, 50.8940908], [4.3228311, 50.8940853], [4.3227597, 50.8940779], [4.3226896, 50.8940705], [4.3225523, 50.8940561], [4.3222873, 50.8940188], [4.3189444, 50.8933856], [4.3187839, 50.8933547], [4.3185748, 50.8933147], [4.3182957, 50.8932627], [4.3177629, 50.8931638], [4.317487, 50.8931172], [4.3171079, 50.8930569], [4.3166962, 50.8930127], [4.3162959, 50.8929909], [4.3156503, 50.8930002], [4.314818, 50.8930782], [4.3142195, 50.8931722], [4.3137983, 50.8932692], [4.3137681, 50.8933121], [4.3134123, 50.8931875], [4.312965, 50.8930151], [4.3125538, 50.8928514], [4.3115929, 50.8924799], [4.3112562, 50.8923693], [4.3105898, 50.8921285], [4.3103183, 50.8920503], [4.309164, 50.8916545], [4.308231, 50.891301], [4.3074286, 50.8909925], [4.3072441, 50.890959], [4.3069222, 50.890942], [4.3061494, 50.8909557], [4.3058659, 50.8909486], [4.3057759, 50.8909458], [4.3054397, 50.8908949], [4.3047244, 50.8907457], [4.3040899, 50.8906163], [4.3037672, 50.8905766], [4.3033965, 50.8905675], [4.3030244, 50.8905495], [4.3026429, 50.8905101], [4.3023398, 50.8904659], [4.3019804, 50.8903971], [4.3014074, 50.8903898], [4.3011579, 50.8904202], [4.3010129, 50.8904884], [4.3009376, 50.8905635], [4.3005713, 50.8904516], [4.2940724, 50.8891096], [4.2937616, 50.8890454]]]}}, {"type": "Feature", "properties": {"name": "Koekelberg"}, "geometry": {"type": "Polygon", "coordinates": [[[4.306922, 50.8649287], [4.3069597, 50.8649079], [4.3069789, 50.8646835], [4.3069963, 50.8645096], [4.3070423, 50.8642396], [4.3074225, 50.8642718], [4.3078581, 50.864343], [4.3081832, 50.8643987], [4.3087383, 50.8644956], [4.3088447, 50.8645068], [4.3088985, 50.8645065], [4.3089821, 50.8644981], [4.3091939, 50.8645026], [4.3093293, 50.8645045], [4.3096613, 50.8644839], [4.3100684, 50.8644393], [4.3104268, 50.8643895], [4.3104666, 50.864514], [4.3105084, 50.8646147], [4.3106011, 50.8647], [4.3108405, 50.8646294], [4.3110464, 50.8645727], [4.3122341, 50.8642278], [4.3126297, 50.8638928], [4.3127552, 50.8637957], [4.3153656, 50.8618192], [4.3154815, 50.8617209], [4.3161198, 50.8612338], [4.322211, 50.8625264], [4.322633, 50.862155], [4.3233083, 50.8620199], [4.3235317, 50.8619654], [4.3247354, 50.8616729], [4.3255245, 50.8614689], [4.3259912, 50.8613536], [4.3266849, 50.8611826], [4.3268333, 50.861146], [4.3270119, 50.8610342], [4.3273808, 50.8606064], [4.3268959, 50.8600587], [4.3271227, 50.8599338], [4.3267422, 50.8593914], [4.3261142, 50.8582943], [4.3257736, 50.8575265], [4.325644, 50.8572336], [4.3254889, 50.8569475], [4.3257359, 50.8569097], [4.326485, 50.85681], [4.326867, 50.8567768], [4.3288487, 50.8567896], [4.3293653, 50.8568248], [4.3299509, 50.8569028], [4.3303914, 50.8569601], [4.3306179, 50.8569826], [4.3309532, 50.8570152], [4.3312731, 50.8570402], [4.3316232, 50.8570608], [4.3327706, 50.857113], [4.3325072, 50.8574459], [4.3345032, 50.8583491], [4.3346062, 50.8582537], [4.3348506, 50.8583569], [4.3349181, 50.8583019], [4.3350355, 50.8581889], [4.3356485, 50.8584297], [4.3363117, 50.8586885], [4.3366793, 50.8588403], [4.3369642, 50.8589676], [4.3377273, 50.8594678], [4.3373872, 50.8596625], [4.3370771, 50.859846], [4.336704, 50.860066], [4.3364981, 50.8601951], [4.3361791, 50.860068], [4.3360313, 50.8601996], [4.3356965, 50.8604836], [4.3349522, 50.8610902], [4.3348165, 50.8614913], [4.3348508, 50.8614995], [4.3348374, 50.8615277], [4.3348575, 50.8615323], [4.3348172, 50.8616195], [4.3348422, 50.8616303], [4.335049, 50.8619206], [4.3340007, 50.862219], [4.3341828, 50.8623456], [4.3331398, 50.8635374], [4.3328306, 50.8638996], [4.3324602, 50.8643391], [4.3323674, 50.8645451], [4.332124, 50.8647913], [4.331502, 50.8655689], [4.3313949, 50.8655749], [4.331247, 50.8657656], [4.3310498, 50.8660059], [4.3306793, 50.8664552], [4.3306092, 50.8665416], [4.3304169, 50.8667499], [4.3301478, 50.8670316], [4.3296159, 50.867586], [4.3283376, 50.8671837], [4.3280383, 50.8674781], [4.3277086, 50.8673858], [4.3276146, 50.8674676], [4.3252223, 50.8666754], [4.3251312, 50.8666445], [4.3261445, 50.8656558], [4.3248226, 50.8650896], [4.3244109, 50.8653102], [4.3239843, 50.8656009], [4.3233793, 50.8659132], [4.3230815, 50.8660498], [4.3227792, 50.8661362], [4.3225188, 50.8661863], [4.322267, 50.8662071], [4.3221415, 50.8662247], [4.321927, 50.866263], [4.321468, 50.8663773], [4.3213482, 50.8664021], [4.3211379, 50.8664323], [4.3208677, 50.8664545], [4.3206872, 50.8664885], [4.3205811, 50.8665039], [4.3204508, 50.8665339], [4.3203223, 50.8665727], [4.3197662, 50.8666762], [4.3194725, 50.866697], [4.3191457, 50.866751], [4.3189021, 50.8667993], [4.3186477, 50.8668568], [4.3172308, 50.867074], [4.3166453, 50.8671036], [4.3160236, 50.8671816], [4.3151619, 50.8672006], [4.3150825, 50.8671999], [4.3140584, 50.8671372], [4.3091889, 50.8668603], [4.3089596, 50.866715], [4.3088942, 50.8666141], [4.3085967, 50.8663708], [4.308362, 50.8662063], [4.3078945, 50.8659762], [4.3077652, 50.8659234], [4.3075561, 50.8658029], [4.3073308, 50.8656835], [4.3072182, 50.8655756], [4.3071914, 50.8654453], [4.3071132, 50.8652199], [4.307062, 50.8650842], [4.3070323, 50.8650133], [4.306922, 50.8649287]]]}}, {"type": "Feature", "properties": {"name": "Molenbeek-Saint-Jean"}, "geometry": {"type": "Polygon", "coordinates": [[[4.2831132, 50.8536], [4.2831139, 50.8535669], [4.283116, 50.8535449], [4.2831889, 50.8534026], [4.2832034, 50.8533811], [4.283226, 50.8533549], [4.2832542, 50.8533301], [4.2833217, 50.8532838], [4.2835616, 50.8531654], [4.283642, 50.8531265], [4.2837682, 50.853061], [4.2839784, 50.8529457], [4.2840694, 50.8528945], [4.2841502, 50.8528456], [4.2842514, 50.8527814], [4.2854666, 50.8520093], [4.2860684, 50.851636], [4.2861598, 50.8515665], [4.2862376, 50.8515007], [4.2863197, 50.8514247], [4.2863625, 50.8513802], [4.2863912, 50.8513474], [4.286445, 50.8512816], [4.2868164, 50.8506445], [4.2869791, 50.8503867], [4.2871987, 50.8500559], [4.2872347, 50.849997], [4.2872987, 50.8498841], [4.287331, 50.8498268], [4.2875454, 50.8493075], [4.2876371, 50.849169], [4.2876962, 50.8490798], [4.2879229, 50.8486732], [4.2880422, 50.8485048], [4.288248, 50.8482687], [4.2878411, 50.8481135], [4.2875303, 50.8479973], [4.2873144, 50.8479184], [4.2871775, 50.8478751], [4.2870767, 50.8478548], [4.2870423, 50.8478484], [4.2870066, 50.8478427], [4.2868601, 50.8478202], [4.2866815, 50.8477999], [4.2863684, 50.8477714], [4.2862775, 50.8477641], [4.2861752, 50.8477635], [4.2861142, 50.847765], [4.2860611, 50.84777], [4.285977, 50.8477834], [4.285942, 50.8477912], [4.285846, 50.8478187], [4.2857519, 50.8478592], [4.2855399, 50.8480135], [4.2854571, 50.8480728], [4.2852646, 50.8481801], [4.2848975, 50.8483809], [4.284598, 50.848301], [4.284294, 50.8482184], [4.2842096, 50.8481932], [4.2841498, 50.8481694], [4.284087, 50.8481394], [4.2840244, 50.8481005], [4.2839819, 50.8480702], [4.2839508, 50.8480427], [4.2839163, 50.8480089], [4.2838613, 50.8479524], [4.2838144, 50.8479013], [4.2837778, 50.8478573], [4.2837457, 50.8478154], [4.2837157, 50.8477719], [4.2836993, 50.847747], [4.2832502, 50.8469954], [4.2833461, 50.8469901], [4.2834999, 50.8469816], [4.2841856, 50.8467052], [4.2843729, 50.8466114], [4.2846391, 50.8464608], [4.2846715, 50.8463654], [4.2845805, 50.8457051], [4.2844137, 50.8455291], [4.2843962, 50.8455112], [4.2842887, 50.8453999], [4.2846051, 50.8453385], [4.2846154, 50.8452983], [4.2848583, 50.8452651], [4.2850456, 50.8452315], [4.2852214, 50.8452112], [4.2853106, 50.8451961], [4.2854384, 50.8451834], [4.2862351, 50.8451437], [4.2866077, 50.8451709], [4.2868836, 50.8452327], [4.2871134, 50.8452781], [4.2874034, 50.8453032], [4.287497, 50.8453116], [4.2878738, 50.8453536], [4.2880311, 50.8453716], [4.2882958, 50.8454089], [4.2883333, 50.8454098], [4.2885894, 50.8454314], [4.2887167, 50.8454331], [4.2889432, 50.8454237], [4.289348, 50.845388], [4.2897282, 50.8453348], [4.2901074, 50.8452872], [4.2901106, 50.8452892], [4.2902764, 50.8452747], [4.2904883, 50.8452696], [4.290782, 50.8452354], [4.2909547, 50.8452127], [4.2910887, 50.8452009], [4.291164, 50.8452001], [4.2912169, 50.8451978], [4.2912926, 50.8451982], [4.2913168, 50.8452019], [4.2915637, 50.845212], [4.291717, 50.8452231], [4.292008, 50.8452013], [4.2921984, 50.8451867], [4.2924659, 50.8452095], [4.2930328, 50.8452982], [4.2930046, 50.845715], [4.2929963, 50.845819], [4.2929581, 50.8462926], [4.2922822, 50.8462758], [4.2919649, 50.8466772], [4.291869, 50.8468157], [4.2918863, 50.8468441], [4.2918861, 50.846881], [4.2918527, 50.8469189], [4.2916151, 50.8471292], [4.2915848, 50.8471794], [4.2904469, 50.8490625], [4.2909231, 50.8490358], [4.2911559, 50.8490106], [4.2912354, 50.8490091], [4.2914179, 50.8489982], [4.2915257, 50.8489838], [4.2918659, 50.848987], [4.2919852, 50.8489939], [4.2923845, 50.8489948], [4.2924351, 50.8494749], [4.293506, 50.8494356], [4.2935471, 50.8491641], [4.2936581, 50.8486434], [4.2937354, 50.8483094], [4.293786, 50.8481245], [4.293811, 50.8479827], [4.293864, 50.8478813], [4.293956, 50.8477452], [4.2940029, 50.8476827], [4.2942676, 50.8473421], [4.2943049, 50.8473578], [4.2944146, 50.8474398], [4.2945708, 50.847514], [4.2946013, 50.8475389], [4.2952178, 50.8475979], [4.2954294, 50.8475661], [4.29552, 50.8475575], [4.2956645, 50.8475463], [4.2959079, 50.8475245], [4.2961631, 50.8474925], [4.2963513, 50.8474662], [4.2965477, 50.8474353], [4.2966328, 50.8474167], [4.2967129, 50.8473998], [4.2968074, 50.8473684], [4.2975117, 50.8473671], [4.2990918, 50.847373], [4.2998277, 50.8473792], [4.299816, 50.8476353], [4.2998161, 50.8476749], [4.2998694, 50.8483529], [4.2998693, 50.8483727], [4.2998256, 50.848629], [4.2997342, 50.8491913], [4.2997993, 50.8491893], [4.3000016, 50.8491589], [4.3000195, 50.8491552], [4.3000474, 50.8491456], [4.3000765, 50.8491333], [4.3002585, 50.8490549], [4.3004798, 50.8489544], [4.3005275, 50.8489251], [4.3005528, 50.8489056], [4.3005885, 50.8488722], [4.3006554, 50.8488098], [4.3006801, 50.8487874], [4.3007164, 50.8487245], [4.3007538, 50.8486623], [4.3008116, 50.848602], [4.300853, 50.8485726], [4.3008619, 50.8485687], [4.3009541, 50.848542], [4.3010232, 50.848527], [4.3011396, 50.848523], [4.3014, 50.8485264], [4.3018388, 50.8485325], [4.3019435, 50.8485322], [4.302179, 50.8485155], [4.3022963, 50.8485204], [4.3024205, 50.8485187], [4.3026104, 50.8485119], [4.3026801, 50.8484153], [4.3027333, 50.8483681], [4.302788, 50.8483146], [4.3028384, 50.848253], [4.302933, 50.8481484], [4.3031552, 50.8481813], [4.3032241, 50.848187], [4.3034676, 50.8482165], [4.3037553, 50.8482479], [4.3037945, 50.8482485], [4.3038492, 50.8482507], [4.3039773, 50.8482675], [4.3042969, 50.8483845], [4.3044044, 50.8484634], [4.3047066, 50.8485834], [4.3047269, 50.8485971], [4.3048306, 50.8487367], [4.3049084, 50.8487845], [4.3049843, 50.8488276], [4.3051112, 50.8488876], [4.3052878, 50.8489808], [4.3054025, 50.8490431], [4.3054551, 50.8490704], [4.3054801, 50.849082], [4.3055436, 50.849109], [4.3056723, 50.8491603], [4.3058265, 50.849221], [4.3060891, 50.8493238], [4.3065207, 50.8494987], [4.3066372, 50.8495466], [4.3067158, 50.8495672], [4.3068665, 50.8496453], [4.3069325, 50.8496768], [4.3070088, 50.8497081], [4.3070893, 50.8497404], [4.3071188, 50.8497486], [4.3072682, 50.8497914], [4.3073554, 50.849785], [4.3073977, 50.849784], [4.307557, 50.849782], [4.3076343, 50.8498126], [4.3076887, 50.8498308], [4.3078231, 50.8498735], [4.3079019, 50.8499042], [4.3080364, 50.8499676], [4.3081107, 50.8498496], [4.3081534, 50.8497956], [4.3083411, 50.8498791], [4.3085029, 50.8499356], [4.3088571, 50.8500008], [4.3090061, 50.8500608], [4.3091847, 50.8501042], [4.3094374, 50.850202], [4.3095317, 50.8502549], [4.3096316, 50.8502974], [4.3102829, 50.8503195], [4.3104232, 50.8502971], [4.3105484, 50.8502378], [4.3107188, 50.8502041], [4.3124784, 50.8496908], [4.3130898, 50.8492947], [4.3136852, 50.8489313], [4.3140533, 50.8488547], [4.3142137, 50.8488213], [4.3144098, 50.8487803], [4.314557, 50.8487489], [4.314756, 50.8487025], [4.315016, 50.8486413], [4.3152375, 50.8485896], [4.3153731, 50.8485618], [4.3156196, 50.8485106], [4.3158499, 50.8484622], [4.3159732, 50.8484323], [4.3163052, 50.8483175], [4.3165501, 50.8482403], [4.3171892, 50.8480391], [4.3175713, 50.8479208], [4.3177813, 50.8478543], [4.3179264, 50.8478083], [4.3181263, 50.8477423], [4.3182389, 50.8477051], [4.3184246, 50.8476471], [4.3186224, 50.8475791], [4.3187179, 50.847551], [4.3189047, 50.847495], [4.3190932, 50.8474381], [4.3194693, 50.8473221], [4.3199708, 50.8471698], [4.3204055, 50.8470378], [4.321016, 50.8468503], [4.3217736, 50.8466175], [4.3230778, 50.8462156], [4.3238634, 50.8459838], [4.3248593, 50.8456916], [4.3257285, 50.8454381], [4.3262031, 50.8452978], [4.3272489, 50.8449927], [4.3281336, 50.844044], [4.3287152, 50.8443514], [4.328928, 50.8444394], [4.3291541, 50.8445295], [4.3292416, 50.8445396], [4.3293137, 50.8445429], [4.3293488, 50.8445345], [4.3294853, 50.8444504], [4.329622, 50.8443719], [4.3296942, 50.844338], [4.3297774, 50.844313], [4.3299594, 50.8441926], [4.3300308, 50.8441564], [4.3301281, 50.8441359], [4.3303166, 50.8440898], [4.3305412, 50.8439715], [4.3307309, 50.8439734], [4.3307277, 50.8441721], [4.3307269, 50.844202], [4.3307253, 50.8442913], [4.3308457, 50.84447], [4.330869, 50.8444984], [4.3309228, 50.8445735], [4.3309698, 50.8446317], [4.3310519, 50.8447326], [4.3311725, 50.8448789], [4.3312396, 50.8449451], [4.3313122, 50.845022], [4.33142, 50.8451351], [4.3315775, 50.845509], [4.331676, 50.8457524], [4.331801, 50.8460957], [4.3319274, 50.8463657], [4.3320163, 50.8465136], [4.3321158, 50.846669], [4.3322378, 50.8468334], [4.3324253, 50.8470037], [4.3326241, 50.8471781], [4.3328479, 50.8473302], [4.3331612, 50.8475184], [4.3335168, 50.847795], [4.3337181, 50.84788], [4.3338611, 50.8479118], [4.3341197, 50.8479643], [4.3343131, 50.8480065], [4.334611, 50.84807], [4.3347982, 50.8480901], [4.3349865, 50.8481036], [4.335374, 50.8481258], [4.3356357, 50.8481466], [4.335475, 50.8489189], [4.3374241, 50.8484961], [4.337798, 50.84916], [4.3378314, 50.8494157], [4.3378628, 50.8494763], [4.3380777, 50.849657], [4.3385236, 50.8504658], [4.3387547, 50.8507084], [4.3391625, 50.8511399], [4.3408157, 50.8528978], [4.3408616, 50.8530116], [4.3411307, 50.8533031], [4.3414091, 50.8535397], [4.3422751, 50.8544553], [4.342729, 50.8549158], [4.343096, 50.8552892], [4.3455403, 50.8578614], [4.3459405, 50.8582827], [4.3460886, 50.8584381], [4.346132, 50.8584844], [4.3464674, 50.8588371], [4.3466503, 50.8590294], [4.3457485, 50.8594133], [4.3458229, 50.8594894], [4.3456588, 50.8595598], [4.3464868, 50.8604034], [4.3471076, 50.8610359], [4.3483947, 50.8628503], [4.3479537, 50.8629869], [4.3462096, 50.8635393], [4.3456193, 50.863708], [4.3436973, 50.8643346], [4.3417398, 50.8649629], [4.341688, 50.8650821], [4.3421455, 50.8656526], [4.3426022, 50.8662356], [4.3428219, 50.8665149], [4.3431604, 50.8669413], [4.3432656, 50.8670967], [4.3433206, 50.8671566], [4.3435372, 50.8673966], [4.3435764, 50.8674627], [4.3435998, 50.8675268], [4.343615, 50.8676257], [4.3436176, 50.8676862], [4.3436189, 50.8677357], [4.3436125, 50.8677839], [4.3435869, 50.867861], [4.3435635, 50.8679325], [4.3435223, 50.8680005], [4.3435079, 50.8680241], [4.3434587, 50.8680891], [4.3434067, 50.8681395], [4.3430965, 50.8684206], [4.3435871, 50.8690507], [4.3428092, 50.8697931], [4.3417359, 50.8708261], [4.341255, 50.8710382], [4.3405232, 50.8713633], [4.3323674, 50.8645451], [4.3324602, 50.8643391], [4.3328306, 50.8638996], [4.3331398, 50.8635374], [4.3341828, 50.8623456], [4.3340007, 50.862219], [4.335049, 50.8619206], [4.3348422, 50.8616303], [4.3348172, 50.8616195], [4.3348575, 50.8615323], [4.3348374, 50.8615277], [4.3348508, 50.8614995], [4.3348165, 50.8614913], [4.3349522, 50.8610902], [4.3356965, 50.8604836], [4.3360313, 50.8601996], [4.3361791, 50.860068], [4.3364981, 50.8601951], [4.336704, 50.860066], [4.3370771, 50.859846], [4.3373872, 50.8596625], [4.3377273, 50.8594678], [4.3369642, 50.8589676], [4.3366793, 50.8588403], [4.3363117, 50.8586885], [4.3356485, 50.8584297], [4.3350355, 50.8581889], [4.3349181, 50.8583019], [4.3348506, 50.8583569], [4.3346062, 50.8582537], [4.3345032, 50.8583491], [4.3325072, 50.8574459], [4.3327706, 50.857113], [4.3316232, 50.8570608], [4.3312731, 50.8570402], [4.3309532, 50.8570152], [4.3306179, 50.8569826], [4.3303914, 50.8569601], [4.3299509, 50.8569028], [4.3293653, 50.8568248], [4.3288487, 50.8567896], [4.326867, 50.8567768], [4.326485, 50.85681], [4.3257359, 50.8569097], [4.3254889, 50.8569475], [4.325644, 50.8572336], [4.3257736, 50.8575265], [4.3261142, 50.8582943], [4.3267422, 50.8593914], [4.3271227, 50.8599338], [4.3268959, 50.8600587], [4.3273808, 50.8606064], [4.3270119, 50.8610342], [4.3268333, 50.861146], [4.3266849, 50.8611826], [4.3259912, 50.8613536], [4.3255245, 50.8614689], [4.3247354, 50.8616729], [4.3235317, 50.8619654], [4.3233083, 50.8620199], [4.322633, 50.862155], [4.322211, 50.8625264], [4.3161198, 50.8612338], [4.3154815, 50.8617209], [4.3153656, 50.8618192], [4.3127552, 50.8637957], [4.3126297, 50.8638928], [4.3122341, 50.8642278], [4.3110464, 50.8645727], [4.3108405, 50.8646294], [4.3106011, 50.8647], [4.3105084, 50.8646147], [4.3104666, 50.864514], [4.3104268, 50.8643895], [4.3100684, 50.8644393], [4.3096613, 50.8644839], [4.3093293, 50.8645045], [4.3091939, 50.8645026], [4.3089821, 50.8644981], [4.3088985, 50.8645065], [4.3088447, 50.8645068], [4.3087383, 50.8644956], [4.3081832, 50.8643987], [4.3078581, 50.864343], [4.3074225, 50.8642718], [4.3070423, 50.8642396], [4.3064909, 50.8641946], [4.3061112, 50.8642116], [4.3059219, 50.8641883], [4.3064084, 50.8626222], [4.3065205, 50.8622588], [4.3065244, 50.8622082], [4.3064987, 50.8621631], [4.3064769, 50.8621283], [4.3059687, 50.8620187], [4.3043783, 50.8616794], [4.30448, 50.861485], [4.3035264, 50.8612751], [4.3040195, 50.861117], [4.3043035, 50.860935], [4.3042452, 50.8608652], [4.3045805, 50.8607581], [4.304825, 50.8606008], [4.3052554, 50.8603202], [4.3052042, 50.8602483], [4.3051236, 50.8602636], [4.3046707, 50.8605534], [4.3037909, 50.8603666], [4.3035922, 50.8605893], [4.3033721, 50.8605428], [4.3030911, 50.8605744], [4.3026687, 50.8603634], [4.3021717, 50.8602079], [4.3023587, 50.8599203], [4.3025346, 50.8596601], [4.3030003, 50.8597666], [4.3031804, 50.8598107], [4.3033704, 50.8598543], [4.3035623, 50.8595916], [4.3035906, 50.8594791], [4.3037281, 50.8592743], [4.304201, 50.8585733], [4.3039676, 50.8583422], [4.3040877, 50.8580302], [4.303834, 50.8579775], [4.3036477, 50.8579403], [4.3033746, 50.8578789], [4.3028152, 50.8577607], [4.3023355, 50.857659], [4.3015389, 50.857492], [4.3012201, 50.8574277], [4.3007445, 50.8573329], [4.3004405, 50.8572722], [4.2999331, 50.8571675], [4.2994316, 50.8570615], [4.2985682, 50.8567317], [4.2984064, 50.856663], [4.2979635, 50.8564996], [4.2978236, 50.8564379], [4.2976661, 50.8563615], [4.2974207, 50.8562344], [4.2971451, 50.8561013], [4.2969722, 50.8560179], [4.2968255, 50.8559472], [4.2966741, 50.8558741], [4.29626, 50.8557368], [4.2960341, 50.855664], [4.2959403, 50.8556308], [4.2956327, 50.8555335], [4.2956563, 50.8553643], [4.2954606, 50.8554057], [4.2950678, 50.8554123], [4.2947723, 50.8554117], [4.2943859, 50.8553973], [4.2941385, 50.8553806], [4.2935897, 50.8554344], [4.2933665, 50.8559177], [4.2929486, 50.8558368], [4.2922882, 50.8557258], [4.2921225, 50.8556922], [4.29198, 50.8556676], [4.2918547, 50.8556411], [4.2908915, 50.855468], [4.2901688, 50.8553349], [4.2898539, 50.8558209], [4.2898409, 50.8558671], [4.2896975, 50.8558147], [4.2895301, 50.8557217], [4.2882768, 50.8552723], [4.2879557, 50.8551575], [4.2878105, 50.8551055], [4.287286, 50.8549165], [4.2867182, 50.8547068], [4.2866376, 50.8546824], [4.2864246, 50.8546303], [4.2863302, 50.8546102], [4.2862336, 50.854597], [4.2861611, 50.8545902], [4.2859681, 50.8545809], [4.285806, 50.8545729], [4.2856355, 50.8545697], [4.2854405, 50.8545687], [4.2852138, 50.854565], [4.2850735, 50.854552], [4.2850017, 50.8545423], [4.2849346, 50.8545312], [4.284838, 50.8545125], [4.2847174, 50.8544868], [4.2846579, 50.8544713], [4.2845877, 50.854451], [4.2844795, 50.8544165], [4.2843918, 50.8543843], [4.2842932, 50.8543436], [4.2840174, 50.854222], [4.2839366, 50.8541848], [4.2837073, 50.8540832], [4.2835665, 50.8540177], [4.2835345, 50.8540018], [4.2834835, 50.8539747], [4.2834595, 50.8539609], [4.2833779, 50.8539095], [4.2832947, 50.8538427], [4.2832472, 50.8538011], [4.2832052, 50.8537607], [4.2831771, 50.8537253], [4.2831513, 50.8536913], [4.2831378, 50.8536686], [4.2831172, 50.8536176], [4.2831132, 50.8536]]]}}, {"type": "Feature", "properties": {"name": "Saint-Josse-ten-Noode"}, "geometry": {"type": "Polygon", "coordinates": [[[4.3552484, 50.8562056], [4.3578629, 50.8554891], [4.3606469, 50.8547245], [4.365412, 50.8533604], [4.365429, 50.8533587], [4.3654434, 50.8533593], [4.3654603, 50.8533616], [4.3654759, 50.8533665], [4.365489, 50.8533734], [4.3680756, 50.8526373], [4.3683811, 50.8525504], [4.3691255, 50.8497244], [4.3697233, 50.8474197], [4.369566, 50.84712], [4.3698447, 50.8471303], [4.3710634, 50.8471768], [4.3722202, 50.8472308], [4.3727309, 50.8472583], [4.3732167, 50.8472879], [4.3733784, 50.8474005], [4.3734709, 50.8474669], [4.3735856, 50.8475646], [4.3737321, 50.8476744], [4.3738643, 50.8477817], [4.3738797, 50.8478195], [4.3738851, 50.847886], [4.3738815, 50.8479114], [4.3752027, 50.8476355], [4.3752615, 50.8476249], [4.3753164, 50.8477268], [4.375713, 50.8484705], [4.3759668, 50.8485558], [4.377367, 50.8490307], [4.377587, 50.848756], [4.3786537, 50.8490268], [4.378709, 50.8489741], [4.3788806, 50.8490114], [4.3789774, 50.8490338], [4.3789652, 50.8498937], [4.3793904, 50.8499666], [4.3795995, 50.8500199], [4.3802322, 50.8502878], [4.3805236, 50.8504124], [4.3807085, 50.8504852], [4.3809895, 50.8505959], [4.3813441, 50.8507014], [4.3817547, 50.8508113], [4.3825151, 50.851013], [4.384052, 50.8514185], [4.3837182, 50.8515262], [4.3822313, 50.8518181], [4.3810476, 50.8524208], [4.3802743, 50.8528148], [4.3800436, 50.8529307], [4.3788525, 50.8535295], [4.3776065, 50.8541645], [4.3757355, 50.8551173], [4.374607, 50.8556891], [4.3738903, 50.856038], [4.3737514, 50.8561241], [4.3726833, 50.8566622], [4.3725553, 50.8567384], [4.371733, 50.8569824], [4.3696863, 50.8574655], [4.3695256, 50.8571818], [4.3679408, 50.8575185], [4.3680463, 50.857723], [4.3673574, 50.8578764], [4.3671078, 50.857932], [4.3671139, 50.857944], [4.3664871, 50.8580881], [4.3665058, 50.858122], [4.3571864, 50.860314], [4.3567392, 50.8595372], [4.356685, 50.8593506], [4.3566371, 50.8585296], [4.3566247, 50.8582007], [4.3566365, 50.8579049], [4.3566382, 50.857852], [4.3566116, 50.8577772], [4.3565816, 50.8577011], [4.3565011, 50.8575972], [4.3563338, 50.8574388], [4.3561674, 50.8572904], [4.35603, 50.8571705], [4.3558681, 50.8570348], [4.3558087, 50.8569708], [4.3557216, 50.8568615], [4.3554633, 50.856555], [4.3553463, 50.8563906], [4.3552484, 50.8562056]]]}}, {"type": "Feature", "properties": {"name": "Uccle"}, "geometry": {"type": "Polygon", "coordinates": [[[4.3117984, 50.7975121], [4.3118357, 50.7974924], [4.3119781, 50.7975166], [4.3121656, 50.797514], [4.3123295, 50.7974991], [4.3124377, 50.797496], [4.3125029, 50.7974956], [4.312491, 50.7974606], [4.3125709, 50.7974346], [4.3126725, 50.797423], [4.3127634, 50.7974198], [4.3128247, 50.7974189], [4.3129474, 50.7974041], [4.3130057, 50.7973853], [4.3130439, 50.7973599], [4.3130482, 50.7973082], [4.3132667, 50.7972624], [4.3133272, 50.7971688], [4.3135429, 50.7971496], [4.3137163, 50.7971111], [4.3137403, 50.7969995], [4.3138258, 50.7970125], [4.3139764, 50.7970431], [4.3140249, 50.7970343], [4.3140546, 50.7970051], [4.3139842, 50.7969532], [4.3140097, 50.7969259], [4.314187, 50.7968556], [4.3142788, 50.7967269], [4.3141794, 50.7965328], [4.3141558, 50.7964922], [4.3141388, 50.7964473], [4.314111, 50.7964018], [4.3141153, 50.796355], [4.3141367, 50.7963433], [4.3142003, 50.7963517], [4.3143098, 50.7963909], [4.3143729, 50.7964359], [4.3144246, 50.7964537], [4.3144789, 50.7964527], [4.3145971, 50.7964265], [4.3146522, 50.7964181], [4.3146919, 50.7964304], [4.3147098, 50.7964583], [4.3147549, 50.7964843], [4.3148598, 50.7965253], [4.3149323, 50.7965682], [4.3149822, 50.7965576], [4.3150621, 50.7965127], [4.3151596, 50.7964314], [4.315209, 50.7963964], [4.3152626, 50.7963764], [4.3153429, 50.7963844], [4.3153794, 50.7964121], [4.3154072, 50.7964437], [4.3154339, 50.7964528], [4.3154771, 50.7964493], [4.3155476, 50.7964297], [4.3156149, 50.7963981], [4.3156934, 50.7963727], [4.3157406, 50.796379], [4.3157975, 50.7963967], [4.3158434, 50.7964045], [4.3158913, 50.7963995], [4.3159492, 50.7963679], [4.3160242, 50.7962978], [4.3160672, 50.7962895], [4.3161014, 50.7963331], [4.3161359, 50.7963601], [4.3161854, 50.7963797], [4.3162475, 50.7963823], [4.3163062, 50.7963666], [4.3163335, 50.7963598], [4.3163969, 50.7963521], [4.316427, 50.7963225], [4.3164357, 50.7962609], [4.3164486, 50.7962252], [4.3165118, 50.7962038], [4.3165782, 50.7962002], [4.3166067, 50.7961791], [4.3166265, 50.7961458], [4.3166095, 50.7961083], [4.316562, 50.7960632], [4.3165592, 50.7960505], [4.3165731, 50.7960361], [4.3166481, 50.7959854], [4.3167108, 50.7959379], [4.3167567, 50.7959027], [4.316785, 50.7958788], [4.316816, 50.7958317], [4.3168243, 50.7957674], [4.3168104, 50.7956915], [4.31683, 50.7956746], [4.3168776, 50.7956588], [4.3169265, 50.7956397], [4.3169693, 50.7956132], [4.3169722, 50.7955964], [4.3169657, 50.7955783], [4.3169441, 50.7955577], [4.3169417, 50.7955409], [4.3169958, 50.795481], [4.3170243, 50.7954297], [4.3170598, 50.7953874], [4.3171067, 50.7953609], [4.3171614, 50.7953406], [4.3172231, 50.7953284], [4.3172387, 50.7953128], [4.3172451, 50.7952769], [4.3172018, 50.795227], [4.3172169, 50.7952005], [4.3172924, 50.795181], [4.3173981, 50.7951267], [4.3174501, 50.7951177], [4.3174855, 50.7951335], [4.3175302, 50.7951366], [4.3175873, 50.7951284], [4.3176299, 50.7951113], [4.3177175, 50.7950374], [4.3177208, 50.7949831], [4.3177127, 50.7949209], [4.3177525, 50.7948602], [4.3178185, 50.7947958], [4.317858, 50.7947477], [4.3178851, 50.794696], [4.31789, 50.7946581], [4.3178701, 50.7945907], [4.3178925, 50.7945315], [4.3178893, 50.7944928], [4.3178699, 50.7944637], [4.3178625, 50.7944097], [4.3179001, 50.7943543], [4.317947, 50.7943281], [4.3179753, 50.7942835], [4.3180081, 50.7942421], [4.3180139, 50.7942002], [4.3179705, 50.7941458], [4.3179695, 50.7941221], [4.3180014, 50.7940557], [4.3179955, 50.7940318], [4.3179348, 50.7939548], [4.3179372, 50.7939202], [4.3179173, 50.7937583], [4.3179572, 50.7937035], [4.3180957, 50.793628], [4.3181413, 50.7935762], [4.3181356, 50.7935317], [4.3181142, 50.7934924], [4.3181209, 50.7934713], [4.318177, 50.7934191], [4.3182584, 50.7934254], [4.318281, 50.7934107], [4.3182948, 50.7934016], [4.3183147, 50.7933593], [4.3183356, 50.7932926], [4.3183268, 50.7932311], [4.3183152, 50.7931847], [4.3183064, 50.7931495], [4.3182443, 50.7930715], [4.3182178, 50.7929978], [4.3182467, 50.7929603], [4.318325, 50.7929305], [4.3183463, 50.7929016], [4.3183446, 50.7928282], [4.3183227, 50.792787], [4.3182488, 50.7927423], [4.3182316, 50.7926905], [4.3182339, 50.79268], [4.3182668, 50.7925289], [4.3182795, 50.7924706], [4.3183146, 50.7924561], [4.3183864, 50.7924523], [4.3184941, 50.7924569], [4.3185175, 50.7924485], [4.3185467, 50.7924061], [4.3185383, 50.7923528], [4.318552, 50.792328], [4.318632, 50.792275], [4.3187676, 50.7921471], [4.3187662, 50.7920874], [4.3187449, 50.7920314], [4.3187147, 50.7919829], [4.3186767, 50.7919435], [4.3186186, 50.791909], [4.3184843, 50.7918672], [4.3184641, 50.7918354], [4.3185574, 50.7916979], [4.3185238, 50.7915476], [4.3184787, 50.7914497], [4.3184459, 50.7914099], [4.3183937, 50.7913741], [4.3183717, 50.791352], [4.3183592, 50.791326], [4.3183667, 50.7912728], [4.3183765, 50.7912391], [4.3183711, 50.7912041], [4.3183454, 50.7911671], [4.3183045, 50.7911298], [4.3182611, 50.7911033], [4.3181888, 50.7910452], [4.3181811, 50.7910263], [4.3182205, 50.7909351], [4.3182294, 50.7909146], [4.3182296, 50.7908752], [4.3182159, 50.7908369], [4.3182015, 50.7907831], [4.3182068, 50.7907416], [4.3182236, 50.790698], [4.3182761, 50.7906128], [4.3182916, 50.7906045], [4.3183625, 50.7906156], [4.3185334, 50.7906549], [4.3186618, 50.7906932], [4.3187057, 50.7906852], [4.3187628, 50.7906705], [4.3187831, 50.7906278], [4.3187867, 50.7905556], [4.3188783, 50.7904979], [4.3189438, 50.7904721], [4.3189549, 50.7904624], [4.3189641, 50.7904446], [4.3189751, 50.7904251], [4.3189764, 50.7904016], [4.3189548, 50.7903755], [4.3189419, 50.7903523], [4.3189376, 50.7903356], [4.3189572, 50.790297], [4.3190344, 50.7902517], [4.3190502, 50.7902368], [4.3191934, 50.790142], [4.3192267, 50.7901078], [4.3192234, 50.7901008], [4.3191325, 50.7900021], [4.3191319, 50.7900016], [4.3191099, 50.789983], [4.3191036, 50.7899189], [4.3191218, 50.7898701], [4.3191228, 50.789869], [4.3191902, 50.7897949], [4.3191896, 50.7897597], [4.3191896, 50.7897596], [4.3190443, 50.7897304], [4.318926, 50.7896889], [4.3190605, 50.7895435], [4.3190624, 50.7895175], [4.3190687, 50.7895063], [4.3191347, 50.7895026], [4.3191558, 50.7894941], [4.3191841, 50.7894759], [4.3192105, 50.7894341], [4.319204, 50.7893978], [4.3191402, 50.7893604], [4.3191698, 50.7892352], [4.3191732, 50.7891754], [4.3191586, 50.7891251], [4.3191719, 50.7890995], [4.3191994, 50.7890733], [4.3192508, 50.7890412], [4.3192562, 50.7890382], [4.3193036, 50.7890121], [4.3193207, 50.7889817], [4.3193445, 50.7889221], [4.3193449, 50.788921], [4.3194196, 50.7888706], [4.3194207, 50.7888705], [4.3194744, 50.7888659], [4.3194782, 50.7888662], [4.319526, 50.7888699], [4.3195278, 50.7888694], [4.3196334, 50.7888404], [4.3197076, 50.7887549], [4.319708, 50.7887533], [4.3197234, 50.7886889], [4.3197234, 50.7886888], [4.3197203, 50.7886714], [4.3196738, 50.7886475], [4.3196729, 50.7886471], [4.3196313, 50.7886349], [4.3196307, 50.7886347], [4.3195965, 50.7886195], [4.3195864, 50.7886082], [4.319591, 50.7885945], [4.3195919, 50.7885936], [4.3196525, 50.7885314], [4.3196615, 50.7884988], [4.3196399, 50.7884596], [4.3195798, 50.788439], [4.319445, 50.7884072], [4.3194122, 50.7883915], [4.319333, 50.7883668], [4.3193307, 50.788323], [4.3193307, 50.7883229], [4.3193519, 50.7882416], [4.3194243, 50.7881565], [4.3194126, 50.7881458], [4.3193978, 50.7880788], [4.3193522, 50.7880481], [4.319295, 50.7880157], [4.319287, 50.7879912], [4.3193032, 50.7879552], [4.3193668, 50.7879164], [4.3194539, 50.7878938], [4.3195399, 50.7878395], [4.3195283, 50.7877676], [4.3195195, 50.7877444], [4.3195162, 50.7876879], [4.3194731, 50.7876589], [4.3194243, 50.787644], [4.3193593, 50.7876292], [4.3193374, 50.7876278], [4.3193025, 50.7876473], [4.3192628, 50.7876588], [4.3192041, 50.7876522], [4.3191344, 50.7876377], [4.319127, 50.7876091], [4.3191418, 50.7875741], [4.3191409, 50.7874454], [4.3191454, 50.7873824], [4.3191905, 50.7872063], [4.3192521, 50.787103], [4.3193038, 50.7870013], [4.3193351, 50.7869598], [4.3193362, 50.7868781], [4.3193617, 50.7868507], [4.3193745, 50.7868536], [4.3195022, 50.7868828], [4.3195634, 50.7868799], [4.3197138, 50.7868299], [4.3197481, 50.7867988], [4.320007, 50.786636], [4.3201936, 50.7864867], [4.3203064, 50.7864281], [4.320394, 50.7863738], [4.3204504, 50.7863505], [4.3204897, 50.7863156], [4.3204548, 50.7862922], [4.3204302, 50.7862521], [4.3204456, 50.7862197], [4.3204341, 50.7861774], [4.3204043, 50.7861358], [4.3204111, 50.7861163], [4.3204241, 50.7861004], [4.3204629, 50.7860793], [4.3205164, 50.7860602], [4.3205508, 50.7860243], [4.3206061, 50.7859347], [4.3206597, 50.7858495], [4.3205702, 50.785728], [4.3205796, 50.7856959], [4.3206119, 50.7856648], [4.3206861, 50.7856474], [4.320791, 50.7856456], [4.3208717, 50.785656], [4.3209038, 50.7856549], [4.3209289, 50.7856407], [4.3209304, 50.7856185], [4.3209186, 50.7855872], [4.3209101, 50.7855497], [4.320922, 50.7854977], [4.320958, 50.7854469], [4.3210252, 50.7854103], [4.3210876, 50.7854103], [4.3211756, 50.7854018], [4.3212095, 50.7853862], [4.3212295, 50.785361], [4.3212209, 50.78533], [4.3211719, 50.7852869], [4.3211883, 50.7851886], [4.3212921, 50.7851253], [4.3212927, 50.7850888], [4.3211736, 50.7850404], [4.3211637, 50.7850225], [4.3211745, 50.7849644], [4.3211786, 50.7848954], [4.3211184, 50.784797], [4.3211445, 50.7847492], [4.3211773, 50.7846728], [4.3212416, 50.7846245], [4.3213608, 50.7845506], [4.3214059, 50.7845143], [4.3214243, 50.7844869], [4.3214263, 50.7844268], [4.3214213, 50.7843727], [4.3214471, 50.7843348], [4.3215662, 50.7842812], [4.3216036, 50.7842472], [4.321629, 50.78417], [4.321646, 50.7839974], [4.3216024, 50.7839227], [4.3215197, 50.7838668], [4.3215577, 50.7837847], [4.3217864, 50.7835131], [4.3217724, 50.7833621], [4.3218671, 50.7831707], [4.3220204, 50.7830659], [4.3222632, 50.7829037], [4.3223186, 50.7828738], [4.3223979, 50.782832], [4.3227301, 50.782652], [4.3231939, 50.782397], [4.3238086, 50.7818454], [4.3243025, 50.7814065], [4.3245804, 50.7811593], [4.3247922, 50.7809708], [4.3248561, 50.7809456], [4.3249108, 50.7809198], [4.3249358, 50.780903], [4.3249741, 50.7808668], [4.325095, 50.780735], [4.3251445, 50.7806859], [4.3251607, 50.7805736], [4.3251952, 50.7804346], [4.3252077, 50.780389], [4.325236, 50.7803232], [4.3252536, 50.7802394], [4.3252515, 50.7801603], [4.3252718, 50.7801046], [4.3252983, 50.780061], [4.3253405, 50.7800139], [4.3253827, 50.7799668], [4.3254274, 50.7799466], [4.3255374, 50.7799432], [4.3256797, 50.7799197], [4.3257641, 50.7799032], [4.3259519, 50.7798229], [4.3260406, 50.7797805], [4.3262804, 50.7796904], [4.3263634, 50.7796536], [4.3266666, 50.7795226], [4.3267372, 50.7794856], [4.3267601, 50.7794497], [4.3267717, 50.7794159], [4.3267862, 50.7793976], [4.3268076, 50.7793824], [4.3268716, 50.779346], [4.3269613, 50.779292], [4.3269628, 50.7792363], [4.3269565, 50.7792028], [4.3269605, 50.7791888], [4.3270141, 50.7790921], [4.3270254, 50.7790804], [4.3270601, 50.7790528], [4.3270718, 50.779047], [4.3271438, 50.7790224], [4.3272329, 50.7790072], [4.3272665, 50.778994], [4.327286, 50.7789834], [4.327311, 50.778957], [4.3273186, 50.7789123], [4.3273405, 50.7788945], [4.3274348, 50.7788533], [4.3274615, 50.7788353], [4.3274859, 50.7787916], [4.3275114, 50.7787209], [4.327615, 50.7786603], [4.3276916, 50.7786277], [4.3277339, 50.7786178], [4.327746, 50.778615], [4.3278104, 50.7786041], [4.3278545, 50.7785728], [4.3278592, 50.77856], [4.3278214, 50.7785326], [4.3277516, 50.7784978], [4.3277046, 50.7784677], [4.3276886, 50.7784298], [4.3276829, 50.7784025], [4.3277035, 50.7783748], [4.3277155, 50.7783657], [4.3277583, 50.7783436], [4.3277956, 50.7783371], [4.3279175, 50.7783293], [4.3279736, 50.7783127], [4.3280247, 50.7782792], [4.3280662, 50.7782188], [4.3280871, 50.778198], [4.3281471, 50.7781589], [4.3281768, 50.7781444], [4.3281982, 50.7781361], [4.3282463, 50.7781238], [4.3283405, 50.7780711], [4.3284099, 50.778009], [4.3284213, 50.7779915], [4.3284511, 50.7779605], [4.3284834, 50.777954], [4.3285425, 50.7779474], [4.3286235, 50.7779444], [4.3286766, 50.7779343], [4.3287496, 50.7779114], [4.328789, 50.77789], [4.3289679, 50.7778204], [4.3290533, 50.777793], [4.3291271, 50.777756], [4.3291525, 50.7777394], [4.329269, 50.7776635], [4.3293459, 50.7776225], [4.329419, 50.7776049], [4.3295291, 50.7775848], [4.3295321, 50.7775843], [4.3295889, 50.777565], [4.3296212, 50.7775514], [4.3296608, 50.7775244], [4.3296611, 50.7775242], [4.329722, 50.7774473], [4.3297221, 50.7774472], [4.3297468, 50.7774222], [4.3298176, 50.7774069], [4.3298927, 50.7773633], [4.329962, 50.7773068], [4.3299777, 50.7772851], [4.3300267, 50.7772062], [4.3300611, 50.7771508], [4.3300789, 50.7771309], [4.3301095, 50.7771098], [4.3301577, 50.7770984], [4.3302631, 50.7770959], [4.3302859, 50.7770855], [4.3302864, 50.7770853], [4.3304966, 50.7769133], [4.3305197, 50.7768824], [4.3305668, 50.7767908], [4.3305669, 50.7767905], [4.3305876, 50.7767265], [4.3305876, 50.7767264], [4.3306534, 50.7766379], [4.3307225, 50.7765938], [4.3307586, 50.7765629], [4.3307588, 50.7765627], [4.3308399, 50.7764639], [4.3308401, 50.7764637], [4.3308918, 50.7764321], [4.3308736, 50.776392], [4.3308735, 50.7763917], [4.330853, 50.7763733], [4.3308219, 50.7763496], [4.3307238, 50.7762981], [4.3307494, 50.7762746], [4.3309963, 50.7760209], [4.3310582, 50.775951], [4.3310881, 50.7759083], [4.3310861, 50.775865], [4.3310538, 50.7758146], [4.3310256, 50.775759], [4.3310191, 50.775739], [4.3310316, 50.7757156], [4.3310554, 50.775691], [4.3311001, 50.7756587], [4.3311227, 50.7756305], [4.331129, 50.7755921], [4.3311198, 50.7755678], [4.3311534, 50.7755457], [4.3312119, 50.7755089], [4.3312509, 50.7754987], [4.3336133, 50.7749238], [4.3342955, 50.7747555], [4.334861, 50.774621], [4.3349413, 50.7746018], [4.334956, 50.7745982], [4.3350476, 50.7745769], [4.3350822, 50.7745707], [4.3355717, 50.7744707], [4.3356294, 50.7744604], [4.3362922, 50.7743467], [4.337134, 50.774206], [4.3372908, 50.7741797], [4.3373483, 50.7741701], [4.3407685, 50.7735971], [4.3408386, 50.7736688], [4.3409281, 50.7737167], [4.3409893, 50.7737969], [4.3410273, 50.7738247], [4.3411361, 50.7738657], [4.3412763, 50.7739246], [4.3413419, 50.7739559], [4.3413893, 50.7739998], [4.3415229, 50.7741556], [4.3415961, 50.7742294], [4.3417761, 50.7743865], [4.3418016, 50.7744007], [4.3418941, 50.7744301], [4.3420853, 50.7744723], [4.342526, 50.7746336], [4.3427619, 50.7747014], [4.3429335, 50.7747325], [4.3430305, 50.7747616], [4.3433235, 50.7748997], [4.343433, 50.7749265], [4.3434792, 50.7749427], [4.3436983, 50.7750393], [4.3437564, 50.7750595], [4.3439159, 50.7750864], [4.343953, 50.7750988], [4.3440066, 50.7751341], [4.3440145, 50.7751638], [4.3440082, 50.7751819], [4.3439546, 50.7752447], [4.3439534, 50.775269], [4.3439674, 50.775312], [4.3439888, 50.7753472], [4.3440081, 50.7753693], [4.3440364, 50.7753856], [4.3440839, 50.7753913], [4.3441257, 50.7753905], [4.3441929, 50.7753793], [4.3442503, 50.7753638], [4.3444304, 50.7752977], [4.3444521, 50.7752956], [4.3444701, 50.7752986], [4.3444857, 50.7753144], [4.3444955, 50.775339], [4.3445002, 50.7753636], [4.3445272, 50.7753887], [4.3446522, 50.7754368], [4.3446994, 50.7754476], [4.3447375, 50.7754533], [4.3447784, 50.7754538], [4.3448156, 50.7754489], [4.344852, 50.7754403], [4.3448908, 50.7754264], [4.3449347, 50.7754137], [4.3449595, 50.7754122], [4.3450128, 50.7754247], [4.3450852, 50.7754522], [4.3451118, 50.7754588], [4.3451409, 50.7754615], [4.3451818, 50.7754586], [4.3452965, 50.775432], [4.345427, 50.7754118], [4.3455504, 50.7754124], [4.34564, 50.7754289], [4.3458595, 50.7755], [4.3458966, 50.7755054], [4.3459265, 50.7755031], [4.3459583, 50.7754954], [4.3460989, 50.7754428], [4.3461475, 50.7754375], [4.3461963, 50.7754402], [4.3462828, 50.7754564], [4.3465348, 50.7754723], [4.3467979, 50.7755106], [4.3468314, 50.7755053], [4.3469136, 50.7754826], [4.3470235, 50.7754881], [4.3470479, 50.7754896], [4.3470936, 50.7754901], [4.3471422, 50.7754857], [4.3472346, 50.7754661], [4.3472889, 50.7754483], [4.3473524, 50.7754215], [4.3474095, 50.7753887], [4.3474665, 50.7753472], [4.3475235, 50.7752941], [4.3475422, 50.7752545], [4.3475539, 50.7752158], [4.3475625, 50.7751603], [4.3475771, 50.7751315], [4.3475961, 50.7751097], [4.3476746, 50.7750506], [4.3477103, 50.7750031], [4.3477257, 50.7749644], [4.3477423, 50.7748503], [4.3477544, 50.7748252], [4.3477843, 50.7747928], [4.3478019, 50.7747823], [4.3478292, 50.7747735], [4.3478744, 50.7747674], [4.3479532, 50.774745], [4.3480249, 50.7747271], [4.3481489, 50.7747048], [4.3482545, 50.7746888], [4.3483337, 50.7746792], [4.3484259, 50.7746768], [4.3484668, 50.7746691], [4.3485465, 50.7746422], [4.3485709, 50.7746419], [4.3486555, 50.7746818], [4.3487136, 50.7746979], [4.3487573, 50.7747033], [4.3488096, 50.7747025], [4.348856, 50.7746846], [4.3488669, 50.7746604], [4.3488824, 50.774607], [4.3489054, 50.7745768], [4.3489289, 50.774564], [4.3489923, 50.7745517], [4.3490813, 50.7745203], [4.3492692, 50.7744712], [4.3493166, 50.7744653], [4.3493399, 50.7744888], [4.3493689, 50.7745326], [4.3495312, 50.7745519], [4.3496154, 50.7745619], [4.3496809, 50.7745626], [4.3497577, 50.7745585], [4.3499066, 50.7745298], [4.3500162, 50.7744855], [4.3500587, 50.7744605], [4.3500933, 50.7744304], [4.3501259, 50.7744105], [4.3501848, 50.7743849], [4.3502359, 50.7743792], [4.3502601, 50.7743723], [4.3502822, 50.7743591], [4.3502909, 50.7743505], [4.35031, 50.7743436], [4.3503465, 50.7743508], [4.3503803, 50.774354], [4.3504124, 50.77435], [4.3504417, 50.7743401], [4.350504, 50.7743063], [4.3505212, 50.7743004], [4.3505308, 50.7742971], [4.3507584, 50.7742508], [4.3509425, 50.7742103], [4.3512582, 50.7741326], [4.3514217, 50.7740903], [4.3514976, 50.7740636], [4.3516655, 50.773982], [4.3519098, 50.7738739], [4.3519525, 50.7738435], [4.3520648, 50.7738065], [4.3521079, 50.7737844], [4.35216, 50.7737249], [4.3521842, 50.7737104], [4.3522855, 50.7736906], [4.3523003, 50.7736583], [4.3523641, 50.7736481], [4.3525664, 50.7736501], [4.3527503, 50.773601], [4.3528651, 50.7735477], [4.3530004, 50.7735138], [4.3531248, 50.7735222], [4.3532441, 50.7735362], [4.353403, 50.7735636], [4.3535963, 50.7735907], [4.3537353, 50.7736022], [4.353789, 50.7735754], [4.3538709, 50.7735582], [4.3539366, 50.7735051], [4.353971, 50.7734923], [4.3539985, 50.773498], [4.3540756, 50.7735185], [4.3541689, 50.7734978], [4.3542008, 50.7735152], [4.3542323, 50.7735448], [4.3542759, 50.7735709], [4.3543102, 50.7735873], [4.3543461, 50.7735998], [4.3543853, 50.7736075], [4.3544575, 50.7736121], [4.3546178, 50.7736154], [4.3546185, 50.7736154], [4.3546433, 50.7736091], [4.3546587, 50.7735974], [4.3546802, 50.7735695], [4.3546803, 50.7735694], [4.35471, 50.7735387], [4.3547383, 50.7735158], [4.3547384, 50.7735157], [4.3547626, 50.7735012], [4.3547975, 50.7734991], [4.3548421, 50.7735], [4.3548819, 50.773505], [4.3549482, 50.7735275], [4.3549806, 50.7735423], [4.3550703, 50.7735635], [4.3551132, 50.7735688], [4.3552102, 50.773573], [4.3553212, 50.7735661], [4.3553728, 50.7735561], [4.3556246, 50.7734832], [4.3556585, 50.7734761], [4.3556979, 50.7734687], [4.3557503, 50.7734636], [4.3559407, 50.7734542], [4.3562233, 50.7734511], [4.3593337, 50.772932], [4.3618302, 50.7725195], [4.3629017, 50.7723432], [4.3625111, 50.771915], [4.3637302, 50.7713681], [4.3637749, 50.7714527], [4.3637877, 50.7714769], [4.3638515, 50.771597], [4.363874, 50.7716387], [4.3639105, 50.7717035], [4.3639731, 50.7718152], [4.364001, 50.7718649], [4.3640596, 50.7719762], [4.3640965, 50.772047], [4.3641502, 50.7721478], [4.3641882, 50.7722342], [4.3642453, 50.7723651], [4.364273, 50.7724286], [4.3642474, 50.7725465], [4.3642469, 50.7725544], [4.3642328, 50.7727604], [4.3642149, 50.7729021], [4.3638936, 50.7729934], [4.3634793, 50.773008], [4.3631592, 50.7730665], [4.3631537, 50.7730888], [4.3631358, 50.7731598], [4.3630991, 50.773305], [4.3633706, 50.7732437], [4.3635551, 50.7732021], [4.3640401, 50.7730929], [4.3644079, 50.7730101], [4.3647494, 50.7729353], [4.3648855, 50.7729055], [4.364897, 50.772903], [4.3653853, 50.7727957], [4.3657161, 50.7727233], [4.3659932, 50.7726619], [4.3662335, 50.7726077], [4.3663703, 50.772577], [4.3665696, 50.7725322], [4.366814, 50.772477], [4.367606, 50.7722986], [4.3678373, 50.7722466], [4.3680326, 50.7722031], [4.3681969, 50.7721666], [4.3686573, 50.7720646], [4.369122, 50.7719631], [4.3698348, 50.7718078], [4.370219, 50.7717237], [4.3703654, 50.7716921], [4.3705809, 50.7716452], [4.3708038, 50.7715966], [4.371254, 50.7714984], [4.3717499, 50.7713901], [4.3726748, 50.7711886], [4.3731002, 50.7710959], [4.3733934, 50.771032], [4.373646, 50.7709769], [4.3739121, 50.7709189], [4.3741692, 50.7708628], [4.3745296, 50.770782], [4.374973, 50.7706825], [4.3753699, 50.7705935], [4.3756275, 50.7705356], [4.3761291, 50.7704231], [4.3762053, 50.7704062], [4.3766559, 50.7703048], [4.37813, 50.7699807], [4.3782861, 50.7699466], [4.3785329, 50.7698926], [4.3793968, 50.7697003], [4.3795765, 50.7696599], [4.3801154, 50.7695375], [4.3810456, 50.7693327], [4.381049, 50.7692937], [4.3811115, 50.7685849], [4.3815995, 50.7685848], [4.3817915, 50.7685825], [4.3820593, 50.7686139], [4.3821662, 50.768627], [4.3822556, 50.7686443], [4.3824447, 50.7686876], [4.3826528, 50.7687349], [4.3826552, 50.7658802], [4.3826692, 50.7649844], [4.3826705, 50.764689], [4.3826721, 50.7646635], [4.3826847, 50.7645143], [4.3826884, 50.7644798], [4.3827309, 50.7642795], [4.3827596, 50.7641803], [4.3828047, 50.7640275], [4.3828226, 50.7639688], [4.3828328, 50.7639375], [4.3829292, 50.7636799], [4.3830289, 50.7637114], [4.3964583, 50.7675611], [4.4058709, 50.7703382], [4.4063065, 50.7704665], [4.4094277, 50.7714322], [4.410975, 50.7719146], [4.4126138, 50.7723237], [4.4112932, 50.7739034], [4.4113547, 50.7739164], [4.4095513, 50.7754851], [4.4063913, 50.7785842], [4.3998286, 50.785241], [4.3970475, 50.7881969], [4.3970313, 50.7882306], [4.3968738, 50.7892555], [4.40099, 50.7904795], [4.4024986, 50.7913691], [4.4018875, 50.791558], [4.4022535, 50.7917372], [4.4037722, 50.7921133], [4.4037715, 50.7922804], [4.4038763, 50.7925469], [4.40369, 50.7926515], [4.4034891, 50.7929185], [4.4033116, 50.7935812], [4.4026861, 50.7936296], [4.4019957, 50.7934179], [4.4018452, 50.7936357], [4.401731, 50.7937491], [4.4015289, 50.7939354], [4.4011009, 50.7940648], [4.4008144, 50.796358], [4.3979131, 50.7967433], [4.3936213, 50.7973132], [4.3908602, 50.7976799], [4.3830303, 50.7987229], [4.3772662, 50.7994878], [4.3753778, 50.7997349], [4.375378, 50.7997848], [4.3772929, 50.8000097], [4.3778512, 50.8001977], [4.3779942, 50.8002817], [4.3779436, 50.801035], [4.3778448, 50.801105], [4.3767904, 50.8009115], [4.3765083, 50.8009075], [4.3758112, 50.8009944], [4.3756945, 50.8011654], [4.3756028, 50.8012414], [4.3752702, 50.8013867], [4.3751196, 50.8014223], [4.3748122, 50.801557], [4.3747339, 50.8015861], [4.3743048, 50.8017678], [4.3742134, 50.8018209], [4.3740945, 50.8018778], [4.3739376, 50.8019565], [4.3738171, 50.8020602], [4.3736734, 50.80215], [4.3734115, 50.8023752], [4.3732303, 50.8026393], [4.3735712, 50.8026916], [4.3733593, 50.803212], [4.3728377, 50.8030968], [4.3724072, 50.8042529], [4.3722311, 50.8055157], [4.3721931, 50.8056541], [4.3721391, 50.8058104], [4.3720654, 50.8060076], [4.371978, 50.8062239], [4.3719283, 50.8063303], [4.3717512, 50.8066528], [4.3727743, 50.8067097], [4.3729811, 50.8075753], [4.3727258, 50.8078032], [4.3729758, 50.8081099], [4.3729612, 50.8081753], [4.3724235, 50.808477], [4.3711777, 50.8087494], [4.3710725, 50.8087562], [4.3710899, 50.8088401], [4.3708709, 50.808967], [4.3708656, 50.8089647], [4.3706173, 50.8091116], [4.3704939, 50.8091748], [4.3704035, 50.8092125], [4.3701119, 50.8093427], [4.3697783, 50.8094542], [4.3697512, 50.8094466], [4.3696101, 50.8096677], [4.3694792, 50.8098698], [4.3693668, 50.8100644], [4.3692603, 50.8102812], [4.3691434, 50.8105516], [4.3687496, 50.8115758], [4.3685217, 50.812155], [4.3678372, 50.8138956], [4.3680059, 50.8139223], [4.3679978, 50.8139476], [4.3682844, 50.8139882], [4.3682978, 50.8141809], [4.3681219, 50.8148668], [4.3679789, 50.8152303], [4.367876, 50.8152138], [4.3677859, 50.8154397], [4.3677641, 50.8154366], [4.3675508, 50.8159442], [4.3681443, 50.8160467], [4.3680713, 50.8162185], [4.3678636, 50.8161909], [4.3677971, 50.8163506], [4.3677304, 50.8163408], [4.3672937, 50.8165235], [4.3673219, 50.8166858], [4.3671132, 50.8168283], [4.3670485, 50.8168634], [4.3669105, 50.8169252], [4.3667654, 50.8169366], [4.3665142, 50.8167029], [4.3663382, 50.8166311], [4.3663125, 50.8166558], [4.365791, 50.8164678], [4.3650949, 50.816265], [4.3635219, 50.8157986], [4.3632888, 50.8158187], [4.3626139, 50.8157929], [4.3623745, 50.8163385], [4.3617883, 50.8162224], [4.3612052, 50.8164269], [4.3605281, 50.8166677], [4.3602991, 50.8166261], [4.3600935, 50.8166062], [4.359474, 50.8164945], [4.3594182, 50.8166544], [4.35778, 50.8164203], [4.3579676, 50.8157559], [4.3575848, 50.8157122], [4.3576609, 50.8154412], [4.357316, 50.8154292], [4.3575234, 50.8146925], [4.3543011, 50.814558], [4.3519864, 50.8144616], [4.3513537, 50.8144333], [4.3501634, 50.8143803], [4.349086, 50.8143352], [4.3479222, 50.8142904], [4.3461128, 50.8142096], [4.3456216, 50.8141568], [4.3450524, 50.8140898], [4.3449644, 50.8141283], [4.3448333, 50.8141184], [4.344756, 50.8140623], [4.3441041, 50.8140284], [4.3440637, 50.8140282], [4.3438534, 50.8140596], [4.3437887, 50.8140692], [4.3436567, 50.814098], [4.3435984, 50.814115], [4.3435269, 50.8141475], [4.3432737, 50.8142549], [4.3431789, 50.8142785], [4.3430396, 50.8142936], [4.3430351, 50.8145476], [4.3430046, 50.8146073], [4.3429518, 50.8146374], [4.3429143, 50.8146549], [4.3427698, 50.8146915], [4.3426777, 50.8147111], [4.3424339, 50.8147665], [4.3422822, 50.8147845], [4.3420114, 50.8148192], [4.3420004, 50.8148379], [4.3413018, 50.8149966], [4.3411675, 50.8150463], [4.3409943, 50.8151029], [4.3408059, 50.8151096], [4.3406984, 50.8149613], [4.3396448, 50.8150592], [4.3393844, 50.8149592], [4.3386038, 50.8150523], [4.3381984, 50.8151002], [4.3377522, 50.8151844], [4.3376878, 50.8149331], [4.3376317, 50.8147128], [4.3376038, 50.8146038], [4.3375601, 50.8144077], [4.33732, 50.8139467], [4.337168, 50.8139363], [4.336549, 50.8137366], [4.3362879, 50.8134895], [4.33587, 50.813211], [4.3358084, 50.8132007], [4.3357404, 50.813195], [4.3356802, 50.8131917], [4.3354723, 50.8131856], [4.3353831, 50.8131743], [4.3352845, 50.8131509], [4.3350734, 50.8130784], [4.3349608, 50.8130566], [4.3347823, 50.812973], [4.3348123, 50.8129032], [4.3349385, 50.8127655], [4.3350785, 50.8126143], [4.3351984, 50.8125028], [4.3353356, 50.8123749], [4.3356041, 50.8121407], [4.3356447, 50.8121062], [4.3356732, 50.8120807], [4.3360532, 50.8117941], [4.3364045, 50.811614], [4.3367564, 50.8113946], [4.3371982, 50.811197], [4.3372685, 50.8111505], [4.3373115, 50.8110995], [4.3372613, 50.8109773], [4.3372099, 50.8108902], [4.3371779, 50.8108204], [4.3371117, 50.8107019], [4.3370669, 50.8106442], [4.3365566, 50.8095404], [4.3358359, 50.8096311], [4.3356242, 50.8096371], [4.3351821, 50.8095394], [4.3355337, 50.8084861], [4.3324502, 50.8079469], [4.3322874, 50.8077463], [4.3321015, 50.8075248], [4.3318292, 50.807293], [4.3311331, 50.8066595], [4.3310247, 50.8065606], [4.3308245, 50.8063774], [4.3308589, 50.8063284], [4.3307273, 50.8062906], [4.330363, 50.8062547], [4.3292745, 50.8063606], [4.3285816, 50.8065193], [4.3284614, 50.8065946], [4.3282686, 50.8066781], [4.328247, 50.8066592], [4.3279213, 50.8056616], [4.3272754, 50.8056806], [4.3249814, 50.8054766], [4.3249387, 50.8053068], [4.3248761, 50.8050763], [4.3247244, 50.8045211], [4.3243168, 50.8038043], [4.3236046, 50.8031271], [4.3217056, 50.8006674], [4.3194002, 50.8001563], [4.3188103, 50.7999321], [4.3187282, 50.7999949], [4.3186936, 50.8000149], [4.3186173, 50.8000096], [4.3185402, 50.7999804], [4.3184677, 50.7999346], [4.3183922, 50.7998995], [4.3182801, 50.799868], [4.3181719, 50.7998415], [4.3180937, 50.7998291], [4.3178478, 50.7998227], [4.3174452, 50.7998611], [4.3173695, 50.799864], [4.3172517, 50.7998637], [4.3171438, 50.799859], [4.3170508, 50.7998437], [4.3169468, 50.7998178], [4.3166822, 50.7996951], [4.3164002, 50.7995145], [4.3163193, 50.7994387], [4.3163253, 50.7994197], [4.3161241, 50.7993181], [4.3159692, 50.7992792], [4.3158547, 50.7992167], [4.3156354, 50.7992053], [4.3155452, 50.7991796], [4.315501, 50.7991618], [4.31539, 50.7991041], [4.3153062, 50.7990825], [4.3151617, 50.7990641], [4.3151484, 50.7990663], [4.3151122, 50.7991014], [4.314966, 50.7990628], [4.3141488, 50.7988096], [4.3135848, 50.7986413], [4.3131949, 50.7985352], [4.3125122, 50.7982723], [4.3122205, 50.7981491], [4.3119736, 50.7980279], [4.3118244, 50.7979669], [4.3117984, 50.7975121]]]}}, {"type": "Feature", "properties": {"name": "Watermael-Boitsfort"}, "geometry": {"type": "Polygon", "coordinates": [[[4.3922758, 50.8120764], [4.3927393, 50.8117261], [4.3928327, 50.8116145], [4.3932287, 50.8113094], [4.3934267, 50.8111742], [4.3936603, 50.8108789], [4.3939232, 50.8104603], [4.3941465, 50.8100906], [4.3942199, 50.8100337], [4.3943489, 50.8099486], [4.3946456, 50.8098168], [4.3947799, 50.8097801], [4.3951894, 50.8096924], [4.3955305, 50.8095819], [4.3960105, 50.8093643], [4.396371, 50.8092371], [4.3966143, 50.8091558], [4.3967231, 50.8091128], [4.396803, 50.8090639], [4.3969188, 50.8089781], [4.397043, 50.808891], [4.3972261, 50.808682], [4.3973104, 50.8084738], [4.3973663, 50.8082309], [4.3973513, 50.8080721], [4.39735, 50.8078698], [4.3972645, 50.8071733], [4.3972657, 50.8071084], [4.3972936, 50.8069429], [4.3973155, 50.8068675], [4.3973318, 50.8066235], [4.3972755, 50.8062928], [4.3972213, 50.8061298], [4.3971929, 50.8059865], [4.3971075, 50.8056375], [4.3970658, 50.8055241], [4.3970393, 50.8054508], [4.3970324, 50.8053653], [4.3970156, 50.8049162], [4.3970045, 50.8047975], [4.3969972, 50.8047631], [4.3969793, 50.8047067], [4.3969556, 50.804659], [4.3968763, 50.8045479], [4.3966841, 50.8040406], [4.3965583, 50.8038259], [4.3964341, 50.8036632], [4.3963971, 50.8035591], [4.3963803, 50.8034574], [4.396391, 50.8033493], [4.3964261, 50.8031467], [4.3964591, 50.8030461], [4.3964916, 50.8029756], [4.3965194, 50.8029295], [4.3965665, 50.8028724], [4.3967709, 50.8026355], [4.396799, 50.8025805], [4.3968808, 50.8023772], [4.3968976, 50.8023258], [4.3969295, 50.8021365], [4.3970104, 50.8018991], [4.3969642, 50.801776], [4.3968997, 50.8017554], [4.3969299, 50.8016695], [4.3969768, 50.8015779], [4.3970584, 50.8014355], [4.3971409, 50.8013264], [4.3972386, 50.8012065], [4.3974032, 50.8010996], [4.3975115, 50.8010246], [4.3976153, 50.8009564], [4.3977134, 50.8008997], [4.3988813, 50.7998573], [4.3989738, 50.7997691], [4.3990947, 50.7996397], [4.3993817, 50.7993028], [4.399443, 50.799236], [4.3995057, 50.7991737], [4.3998647, 50.7988783], [4.4000284, 50.7986991], [4.4006711, 50.7979744], [4.401044, 50.7974673], [4.4009867, 50.7972471], [4.4009502, 50.79709], [4.4009077, 50.7963454], [4.4008144, 50.796358], [4.4011009, 50.7940648], [4.4015289, 50.7939354], [4.401731, 50.7937491], [4.4018452, 50.7936357], [4.4019957, 50.7934179], [4.4026861, 50.7936296], [4.4033116, 50.7935812], [4.4034891, 50.7929185], [4.40369, 50.7926515], [4.4038763, 50.7925469], [4.4037715, 50.7922804], [4.4037722, 50.7921133], [4.4022535, 50.7917372], [4.4018875, 50.791558], [4.4024986, 50.7913691], [4.40099, 50.7904795], [4.3968738, 50.7892555], [4.3970313, 50.7882306], [4.3970475, 50.7881969], [4.3998286, 50.785241], [4.4063913, 50.7785842], [4.4095513, 50.7754851], [4.4113547, 50.7739164], [4.4112932, 50.7739034], [4.4126138, 50.7723237], [4.4137897, 50.772618], [4.4168031, 50.7733696], [4.422331, 50.774749], [4.4253134, 50.7754944], [4.4291424, 50.7767731], [4.4298466, 50.7770153], [4.4308982, 50.7773679], [4.4312132, 50.7774745], [4.4326399, 50.7779525], [4.4329533, 50.7780574], [4.4331649, 50.7781279], [4.4345951, 50.7764837], [4.4424876, 50.7793447], [4.4451844, 50.7803254], [4.4462965, 50.7807254], [4.4504676, 50.7822404], [4.4514574, 50.7825981], [4.4516656, 50.7826953], [4.453209, 50.7833748], [4.4536558, 50.7835457], [4.453762, 50.7835888], [4.4552616, 50.7842644], [4.4573487, 50.7852087], [4.4632103, 50.7878292], [4.4633423, 50.7878873], [4.463454, 50.7879243], [4.4656755, 50.7885192], [4.4680704, 50.789161], [4.4702733, 50.7897632], [4.4702296, 50.7897931], [4.4700452, 50.7898252], [4.46956, 50.7899098], [4.4690638, 50.7899985], [4.4684576, 50.7901124], [4.4673278, 50.7903343], [4.4668262, 50.7904214], [4.4665602, 50.7904601], [4.4664322, 50.7904697], [4.4662476, 50.7904772], [4.4660506, 50.7904827], [4.4655266, 50.7904893], [4.4647772, 50.7904917], [4.4624002, 50.7905006], [4.4621365, 50.790515], [4.4619174, 50.7905414], [4.4618409, 50.7905531], [4.4617162, 50.7905822], [4.461415, 50.7906418], [4.4585821, 50.791251], [4.4580965, 50.7913672], [4.4578237, 50.7914252], [4.4575321, 50.7914829], [4.4569499, 50.791618], [4.4562345, 50.7917683], [4.4553237, 50.7919683], [4.453746, 50.7945591], [4.4529615, 50.7958584], [4.4511412, 50.7987638], [4.4501403, 50.7985097], [4.4497423, 50.79836], [4.4489955, 50.7980768], [4.4484522, 50.7979962], [4.4453783, 50.797718], [4.4453613, 50.7977277], [4.4435201, 50.7975597], [4.4393299, 50.7993908], [4.4358234, 50.8009232], [4.4340711, 50.8016887], [4.4331966, 50.8020708], [4.4326974, 50.8022889], [4.4323244, 50.8024637], [4.4320949, 50.8025503], [4.4315233, 50.8028236], [4.4311294, 50.8030006], [4.4303919, 50.8033371], [4.4296125, 50.8037048], [4.4292272, 50.8038922], [4.4293958, 50.8040832], [4.4291514, 50.8041409], [4.4293762, 50.804421], [4.4294644, 50.8047714], [4.4286783, 50.8050616], [4.4284419, 50.8051118], [4.4283226, 50.8051656], [4.4283358, 50.8052728], [4.4282747, 50.8054783], [4.4282563, 50.8055714], [4.4282377, 50.8057111], [4.4282392, 50.8058027], [4.4282551, 50.8058743], [4.4283173, 50.8058896], [4.4282932, 50.8059539], [4.4283402, 50.8060302], [4.4285374, 50.8061957], [4.4288598, 50.8063756], [4.4289443, 50.8064759], [4.4290622, 50.8067037], [4.42907, 50.8067359], [4.4290587, 50.8067962], [4.4290015, 50.8069399], [4.4290121, 50.807009], [4.42903, 50.8070688], [4.4291318, 50.8073065], [4.4292053, 50.8076148], [4.4292921, 50.8078631], [4.4292909, 50.8079277], [4.4290146, 50.8082761], [4.4289578, 50.8083007], [4.4288541, 50.8083932], [4.4287063, 50.8085976], [4.4286774, 50.8086254], [4.4284769, 50.8089026], [4.4286475, 50.8093398], [4.4286571, 50.8096414], [4.4286723, 50.8097304], [4.4286706, 50.8097928], [4.4286561, 50.8098345], [4.4285964, 50.8098938], [4.4284972, 50.8099373], [4.4284665, 50.8100152], [4.4255161, 50.8104916], [4.4250585, 50.8105642], [4.4223856, 50.8109885], [4.4219297, 50.8107449], [4.4216809, 50.810624], [4.4212983, 50.8105653], [4.4207099, 50.810585], [4.419352, 50.8106007], [4.4188741, 50.8110972], [4.4185645, 50.8115085], [4.4183975, 50.81166], [4.418295, 50.8118006], [4.4181203, 50.8120002], [4.4181065, 50.8120873], [4.4181185, 50.8122204], [4.4180618, 50.8124085], [4.4174306, 50.812356], [4.4171855, 50.812321], [4.416794, 50.812283], [4.4163431, 50.8122731], [4.4160178, 50.8123099], [4.4156562, 50.8123704], [4.4149645, 50.8125184], [4.4148457, 50.8125515], [4.4147992, 50.8125972], [4.4147619, 50.812649], [4.4146993, 50.812632], [4.4146352, 50.8127324], [4.4144695, 50.8129393], [4.4143705, 50.8132179], [4.4129426, 50.8133332], [4.4125945, 50.8133084], [4.4124146, 50.8132746], [4.4106859, 50.8128188], [4.4098008, 50.8125759], [4.4094691, 50.8125041], [4.4092611, 50.8124722], [4.4088725, 50.8124492], [4.4063616, 50.812386], [4.4064592, 50.8130106], [4.4064619, 50.8130803], [4.4063769, 50.8136764], [4.4063166, 50.8138037], [4.4062922, 50.8139648], [4.406274, 50.8145337], [4.4063033, 50.8146578], [4.4062818, 50.8148749], [4.4063152, 50.8150241], [4.4056664, 50.8150336], [4.4055143, 50.8150277], [4.4049464, 50.8149201], [4.4045372, 50.8148988], [4.4039777, 50.8148803], [4.4036208, 50.8148513], [4.4029091, 50.8146959], [4.4028207, 50.8146528], [4.4022942, 50.8145309], [4.4020916, 50.8144645], [4.4018818, 50.8143716], [4.4015618, 50.8142039], [4.4013063, 50.8140653], [4.401126, 50.8139982], [4.4009388, 50.8139777], [4.4007107, 50.813985], [4.4004902, 50.8140144], [4.4001546, 50.8140318], [4.3999035, 50.8140241], [4.3996437, 50.8139541], [4.3987979, 50.8136357], [4.3986269, 50.8135579], [4.3984103, 50.8134736], [4.3982383, 50.8133817], [4.3980394, 50.8132949], [4.3978869, 50.8132381], [4.3977142, 50.8131967], [4.3975478, 50.8131901], [4.3972322, 50.8132052], [4.3969073, 50.8131378], [4.3966561, 50.8131033], [4.3963166, 50.8130295], [4.3945058, 50.8126039], [4.3934723, 50.81236], [4.3922758, 50.8120764]]]}}, {"type": "Feature", "properties": {"name": "Woluwe-Saint-Lambert"}, "geometry": {"type": "Polygon", "coordinates": [[[4.4000516, 50.8436533], [4.4006046, 50.8431153], [4.4008167, 50.8427649], [4.4009697, 50.8425847], [4.4011109, 50.8422988], [4.4014732, 50.8413365], [4.4013919, 50.841221], [4.4011945, 50.8408741], [4.4010975, 50.8407314], [4.4010885, 50.8406024], [4.4017208, 50.8405038], [4.4021483, 50.8404211], [4.4025304, 50.8403116], [4.4026627, 50.8402541], [4.4028357, 50.840173], [4.4031559, 50.8400364], [4.4034895, 50.8398996], [4.4037876, 50.8398228], [4.4040699, 50.8397309], [4.4042184, 50.8396791], [4.4043532, 50.8396289], [4.4044376, 50.8395935], [4.4045875, 50.8395198], [4.4047154, 50.839453], [4.4048872, 50.8393528], [4.4051144, 50.8391619], [4.4052748, 50.8390285], [4.405562, 50.8388357], [4.4056295, 50.8388773], [4.4056498, 50.8389357], [4.4057583, 50.8389567], [4.405963, 50.8390828], [4.407103, 50.8389792], [4.4075628, 50.8388739], [4.4077944, 50.8389648], [4.4078404, 50.8389729], [4.4079056, 50.8389798], [4.4079815, 50.8389825], [4.4081632, 50.8389817], [4.4082979, 50.8389761], [4.408411, 50.8389228], [4.408519, 50.8388674], [4.4085897, 50.8388233], [4.4086356, 50.8387913], [4.4087478, 50.838695], [4.408838, 50.8386396], [4.4088918, 50.8386127], [4.4091669, 50.8385139], [4.4095157, 50.8384163], [4.4097196, 50.8383786], [4.4101464, 50.8382734], [4.4103989, 50.8382181], [4.4107148, 50.8381496], [4.4108198, 50.8381316], [4.4112466, 50.838192], [4.4113894, 50.8382221], [4.4116427, 50.8382828], [4.4117605, 50.8383068], [4.4119716, 50.8383107], [4.4124405, 50.8383317], [4.4128643, 50.8383459], [4.4138517, 50.838338], [4.4146864, 50.8383363], [4.4150693, 50.8383426], [4.4153621, 50.8383542], [4.4180954, 50.8385074], [4.4184083, 50.8385434], [4.4194741, 50.8387199], [4.4207029, 50.8389281], [4.4210539, 50.8389846], [4.4215794, 50.8390547], [4.4224393, 50.8391188], [4.4225978, 50.8391404], [4.4264336, 50.8393859], [4.4316033, 50.8393201], [4.4316825, 50.8393818], [4.4317457, 50.8394733], [4.4318106, 50.839621], [4.4318322, 50.8397292], [4.4318344, 50.8398207], [4.4318046, 50.8400535], [4.4321318, 50.8400403], [4.43239, 50.8400256], [4.432543, 50.8400141], [4.4326826, 50.8399978], [4.4329525, 50.8399531], [4.4333488, 50.8398605], [4.4335876, 50.8397911], [4.4337353, 50.8397411], [4.4338283, 50.8397074], [4.4340002, 50.8396411], [4.4340284, 50.8377579], [4.4341027, 50.8377499], [4.4347436, 50.8376657], [4.4355183, 50.8375817], [4.4354074, 50.8372839], [4.4352838, 50.8369606], [4.4349188, 50.8357284], [4.4347392, 50.8351081], [4.434676, 50.8349651], [4.4345932, 50.8348329], [4.4345163, 50.8347498], [4.4347416, 50.8347792], [4.4357863, 50.8345413], [4.4359509, 50.834712], [4.4361197, 50.8347572], [4.4361844, 50.8347403], [4.4364002, 50.8346387], [4.4365982, 50.8345343], [4.4367522, 50.8344662], [4.4368662, 50.8344225], [4.4370568, 50.8343663], [4.4372416, 50.834316], [4.4373272, 50.8342927], [4.4376156, 50.8342285], [4.4377265, 50.8342089], [4.4382676, 50.8340396], [4.4384362, 50.8340046], [4.4384465, 50.8340039], [4.4386702, 50.8339295], [4.4389398, 50.8338369], [4.4389477, 50.8338473], [4.4392458, 50.8337822], [4.4393714, 50.8338548], [4.4394348, 50.8338939], [4.4395093, 50.8339416], [4.4396172, 50.8340289], [4.4397035, 50.8341177], [4.439792, 50.8342327], [4.439861, 50.8343537], [4.439881, 50.8344098], [4.4399038, 50.8344947], [4.439916, 50.8345597], [4.4399139, 50.8346859], [4.4399079, 50.8347692], [4.4398355, 50.8349532], [4.4398045, 50.835093], [4.4397783, 50.8352825], [4.4397459, 50.8356826], [4.4396872, 50.835694], [4.4390315, 50.8357624], [4.4385149, 50.8358255], [4.4384346, 50.8358485], [4.4383624, 50.8358741], [4.4382539, 50.8359261], [4.4382139, 50.8359511], [4.4381766, 50.8359781], [4.4381485, 50.8360072], [4.4381212, 50.836042], [4.4381057, 50.8360712], [4.4380954, 50.8361036], [4.4380945, 50.8361768], [4.4381016, 50.8362256], [4.4381322, 50.8363022], [4.4384707, 50.8370224], [4.4387351, 50.8369829], [4.4389325, 50.8369766], [4.4389914, 50.8369875], [4.4390672, 50.8370085], [4.4392028, 50.8370561], [4.44004, 50.8374137], [4.4406872, 50.8376584], [4.4407828, 50.8377373], [4.4408161, 50.837765], [4.4409197, 50.8378391], [4.441079, 50.8379389], [4.4411765, 50.8379943], [4.4412692, 50.8380438], [4.4413743, 50.8380949], [4.4414709, 50.8381385], [4.4416216, 50.8381903], [4.4417504, 50.8382309], [4.4418796, 50.8382664], [4.4419939, 50.8382925], [4.4421085, 50.8383107], [4.4422226, 50.8383261], [4.4427218, 50.8383463], [4.4428628, 50.8383411], [4.4432079, 50.83834], [4.4433146, 50.8383437], [4.4434363, 50.8383545], [4.4437867, 50.8384021], [4.4441366, 50.8384581], [4.4448053, 50.8385643], [4.4455243, 50.8386805], [4.4457168, 50.8387137], [4.4464987, 50.8388426], [4.4472401, 50.8389619], [4.4486582, 50.8392427], [4.4489119, 50.8392958], [4.4506172, 50.8395669], [4.4507059, 50.8395766], [4.4512849, 50.8396557], [4.4515945, 50.839694], [4.4518081, 50.8396901], [4.4519938, 50.8396917], [4.4522708, 50.8397132], [4.4528882, 50.8397407], [4.4532662, 50.839769], [4.4547942, 50.8398854], [4.4544723, 50.8400818], [4.4539331, 50.8404082], [4.4534386, 50.8407198], [4.4533468, 50.8407856], [4.4527295, 50.8412138], [4.4524937, 50.8413821], [4.4517623, 50.8420523], [4.4514196, 50.8420032], [4.4509819, 50.8419133], [4.4506531, 50.8418454], [4.450224, 50.8417567], [4.4496217, 50.8416112], [4.4485235, 50.84254], [4.4484165, 50.8426316], [4.4481299, 50.8428857], [4.4496579, 50.8433197], [4.4496294, 50.8434545], [4.450337, 50.8437277], [4.4506434, 50.8438301], [4.4509555, 50.8438551], [4.4513428, 50.8438801], [4.4517366, 50.8438417], [4.4523218, 50.8438986], [4.4524817, 50.8439038], [4.4541478, 50.8441178], [4.4541492, 50.8441608], [4.4544161, 50.8441182], [4.4545734, 50.8441023], [4.4549091, 50.8440899], [4.4551096, 50.8440876], [4.4552197, 50.8440807], [4.4553178, 50.8440681], [4.4554311, 50.8440484], [4.4555333, 50.8440199], [4.4557501, 50.8439265], [4.4559116, 50.8441774], [4.4563281, 50.8441551], [4.4565785, 50.8441825], [4.4567367, 50.8441626], [4.4568664, 50.8441834], [4.4569611, 50.8441636], [4.4570801, 50.8441134], [4.4571635, 50.8442545], [4.457226, 50.844481], [4.4571612, 50.844707], [4.4572287, 50.8450788], [4.4575331, 50.8452544], [4.4580547, 50.8452327], [4.4583958, 50.8452701], [4.4587159, 50.8453641], [4.4589631, 50.8454729], [4.4591495, 50.8454916], [4.4596394, 50.845436], [4.4594361, 50.8456472], [4.4589173, 50.8461713], [4.4581289, 50.8470211], [4.4573703, 50.8477976], [4.4589923, 50.8481619], [4.4617758, 50.8487915], [4.4615101, 50.8494289], [4.4614373, 50.8496018], [4.4612218, 50.8501189], [4.4611396, 50.8504032], [4.4609722, 50.8509726], [4.4612766, 50.8510247], [4.4611645, 50.8519042], [4.4610159, 50.8519669], [4.4608963, 50.8520156], [4.4607141, 50.8520786], [4.4605681, 50.852124], [4.4604382, 50.8521608], [4.4603069, 50.8521941], [4.4600849, 50.8522337], [4.4598865, 50.8522658], [4.4597523, 50.8522893], [4.4596265, 50.8523148], [4.4595539, 50.8523337], [4.4594987, 50.852352], [4.4594033, 50.8523859], [4.4592632, 50.8524438], [4.4591379, 50.852499], [4.4590507, 50.8525351], [4.4589432, 50.8525685], [4.4587739, 50.8526106], [4.4586755, 50.8526328], [4.4584943, 50.8526685], [4.4583729, 50.8526926], [4.4581685, 50.8527283], [4.4578659, 50.8527719], [4.4575129, 50.8528154], [4.4573818, 50.8528225], [4.4571657, 50.852828], [4.4568804, 50.8528272], [4.4566056, 50.8528136], [4.4565513, 50.8528128], [4.4564786, 50.8528136], [4.4564103, 50.852817], [4.4562825, 50.8528367], [4.4561354, 50.8528705], [4.455943, 50.8529243], [4.4557106, 50.8529909], [4.4555988, 50.8530192], [4.4555055, 50.8530386], [4.4551407, 50.8531066], [4.4547522, 50.8531656], [4.4546044, 50.8531966], [4.4544886, 50.8532268], [4.4544133, 50.8532526], [4.4542101, 50.8533307], [4.4540993, 50.8533663], [4.4538711, 50.8534378], [4.4536665, 50.8534858], [4.4533543, 50.8535171], [4.4531663, 50.8535274], [4.4528448, 50.8535348], [4.4521297, 50.8535451], [4.4519642, 50.8535439], [4.4513518, 50.8535068], [4.4510376, 50.8534932], [4.4508339, 50.8534954], [4.4506851, 50.8535027], [4.4505258, 50.8535178], [4.4504226, 50.8535337], [4.4502464, 50.8535758], [4.4501097, 50.8536182], [4.449484, 50.8538321], [4.4490055, 50.8539882], [4.4484266, 50.8542146], [4.448113, 50.8541694], [4.4462916, 50.8551158], [4.4461773, 50.8552229], [4.4460473, 50.8553662], [4.4460209, 50.8553953], [4.4459571, 50.8554748], [4.4459489, 50.8556232], [4.4459762, 50.8557604], [4.4460564, 50.8560149], [4.4463282, 50.8562438], [4.4462561, 50.8564882], [4.4462318, 50.8565654], [4.4461579, 50.8567092], [4.4460999, 50.8568054], [4.4460459, 50.8568805], [4.4459632, 50.8569431], [4.4457304, 50.8570815], [4.4455632, 50.8571626], [4.445357, 50.8572276], [4.4449045, 50.8573142], [4.4446831, 50.8573684], [4.4443488, 50.8574808], [4.4444704, 50.8576269], [4.4450107, 50.8581434], [4.4433381, 50.8587793], [4.4423316, 50.8591919], [4.4391298, 50.8604449], [4.4391184, 50.8604494], [4.4377048, 50.8588752], [4.4373723, 50.8585049], [4.4336962, 50.8598095], [4.4325386, 50.8602245], [4.4322971, 50.8603112], [4.4297644, 50.861209], [4.4310163, 50.8624902], [4.4298477, 50.862773], [4.4286777, 50.8630357], [4.4282234, 50.8630278], [4.4281213, 50.8630179], [4.426634, 50.8628724], [4.4240634, 50.8601347], [4.4220018, 50.8570183], [4.4158371, 50.8542252], [4.4117824, 50.8520416], [4.4121057, 50.851737], [4.4111201, 50.8511416], [4.4110537, 50.8507667], [4.4108905, 50.8507765], [4.4107056, 50.8507746], [4.4105248, 50.8507677], [4.4103764, 50.8507571], [4.410224, 50.8507402], [4.4099616, 50.8507032], [4.4108354, 50.8491398], [4.4083327, 50.8477841], [4.4054643, 50.8463191], [4.4051165, 50.8461418], [4.4036574, 50.8454967], [4.4000516, 50.8436533]]]}}, {"type": "Feature", "properties": {"name": "Woluwe-Saint-Pierre"}, "geometry": {"type": "Polygon", "coordinates": [[[4.4043618, 50.8270367], [4.4051181, 50.8267682], [4.4055222, 50.826625], [4.4057138, 50.8265371], [4.4058899, 50.8264568], [4.4061798, 50.826287], [4.4070233, 50.8258159], [4.4075368, 50.8255238], [4.4076567, 50.8254408], [4.4084915, 50.8248647], [4.4086672, 50.8247492], [4.4095806, 50.8241677], [4.4097625, 50.8240522], [4.4098947, 50.8239674], [4.4101395, 50.8237964], [4.4110764, 50.8231877], [4.41139, 50.8229901], [4.4115809, 50.8227956], [4.4117732, 50.8226076], [4.411709, 50.8225624], [4.4123092, 50.8224043], [4.4131265, 50.822185], [4.4132073, 50.822209], [4.4133171, 50.8222582], [4.4133877, 50.822286], [4.4134301, 50.8222856], [4.4134809, 50.8222679], [4.4135387, 50.8222565], [4.4135694, 50.8222602], [4.4136077, 50.8222915], [4.4136213, 50.8223097], [4.4136601, 50.8224145], [4.4136663, 50.8224431], [4.4136919, 50.8224899], [4.4140904, 50.8226927], [4.4142842, 50.8227864], [4.4143472, 50.8228225], [4.4145687, 50.8229418], [4.415223, 50.8226667], [4.4154241, 50.8225869], [4.4155297, 50.8225454], [4.4159008, 50.8223947], [4.4164781, 50.8221543], [4.417009, 50.8219354], [4.417252, 50.8218348], [4.4173817, 50.8217814], [4.4174848, 50.821736], [4.4176024, 50.8216842], [4.417779, 50.8216169], [4.4179768, 50.8216021], [4.418402, 50.8216749], [4.4185963, 50.8217075], [4.4189097, 50.8218059], [4.4194273, 50.82204], [4.4195392, 50.8221148], [4.4206714, 50.8228774], [4.4207213, 50.8229261], [4.4208197, 50.8229798], [4.4209018, 50.8230208], [4.4209966, 50.8230578], [4.4210732, 50.8230831], [4.4214391, 50.8231789], [4.4217854, 50.8232879], [4.4219407, 50.8233486], [4.422107, 50.8234272], [4.4222399, 50.823505], [4.4225498, 50.8236216], [4.4226284, 50.8237712], [4.422858, 50.8238724], [4.4229883, 50.8239328], [4.4234065, 50.8240802], [4.4238232, 50.8241833], [4.4240056, 50.8242525], [4.4246158, 50.8245619], [4.4247596, 50.8246421], [4.4249596, 50.8247855], [4.4251777, 50.8249196], [4.4256711, 50.825131], [4.4258265, 50.825209], [4.4260215, 50.8253311], [4.4267652, 50.8256821], [4.4269736, 50.8258075], [4.4271739, 50.8259018], [4.428139, 50.8262535], [4.4283467, 50.8258632], [4.4290717, 50.826006], [4.4291773, 50.8260627], [4.4299045, 50.826195], [4.4302906, 50.8262229], [4.4306725, 50.8261135], [4.431252, 50.8255718], [4.4313306, 50.8255176], [4.4314451, 50.8254386], [4.4320701, 50.825106], [4.4322336, 50.8250193], [4.4322461, 50.8250725], [4.4322623, 50.8251207], [4.4333511, 50.8251311], [4.4334143, 50.8251271], [4.4334927, 50.8251131], [4.4336256, 50.8250829], [4.4373693, 50.8226699], [4.4382667, 50.8220917], [4.4406396, 50.8205744], [4.4407465, 50.820679], [4.4408137, 50.8207391], [4.440863, 50.8207812], [4.4409065, 50.8208162], [4.4409946, 50.8208813], [4.4411157, 50.8209584], [4.4413095, 50.8210334], [4.4414174, 50.8210746], [4.4415283, 50.8211256], [4.4415444, 50.8211362], [4.4417057, 50.8212486], [4.4418601, 50.821406], [4.4418784, 50.8214296], [4.4419657, 50.8215478], [4.4423117, 50.8219686], [4.4425729, 50.8222996], [4.4426575, 50.822367], [4.4427599, 50.8224103], [4.4429024, 50.822457], [4.4430321, 50.8224827], [4.4433295, 50.8224929], [4.4463234, 50.8226632], [4.446553, 50.8226654], [4.4467532, 50.8226448], [4.4468602, 50.8226307], [4.4475858, 50.8224296], [4.4480222, 50.8223158], [4.4483871, 50.8221919], [4.4493521, 50.8219797], [4.449557, 50.8218634], [4.4498223, 50.821705], [4.4499338, 50.8216099], [4.4500275, 50.8215352], [4.450322, 50.8212674], [4.450709, 50.8211472], [4.4512015, 50.8209573], [4.4527557, 50.8203818], [4.4533577, 50.8198863], [4.4536584, 50.8194537], [4.4546561, 50.8184231], [4.4568606, 50.8186179], [4.4579698, 50.8187168], [4.4670264, 50.8195251], [4.4720648, 50.8199856], [4.4745325, 50.8202063], [4.4762902, 50.8203668], [4.476725, 50.8204065], [4.4766566, 50.8205086], [4.4765253, 50.8206873], [4.4756818, 50.8218499], [4.4753294, 50.8223337], [4.4753096, 50.822361], [4.4743959, 50.8236207], [4.4738942, 50.8243116], [4.4738241, 50.8244063], [4.4727659, 50.8258664], [4.4725091, 50.8262134], [4.4718185, 50.8271651], [4.4713068, 50.8278792], [4.4712344, 50.8279737], [4.4700732, 50.8295695], [4.4695885, 50.8302323], [4.4685453, 50.8316742], [4.467742, 50.8327764], [4.467055, 50.8337273], [4.4668405, 50.8340233], [4.466281, 50.83479], [4.4658834, 50.8353544], [4.4657443, 50.8355352], [4.466875, 50.8364002], [4.4677368, 50.8370576], [4.4681635, 50.8373851], [4.468116, 50.837539], [4.4680368, 50.8379736], [4.4679665, 50.8382669], [4.4678151, 50.8386734], [4.4676416, 50.8389286], [4.4674622, 50.8391644], [4.467294, 50.839371], [4.467004, 50.8397504], [4.4669619, 50.8398403], [4.4669308, 50.8399066], [4.4668135, 50.8401516], [4.4668204, 50.8402175], [4.4668268, 50.8402804], [4.466889, 50.8407911], [4.4669609, 50.8414326], [4.467022, 50.8418288], [4.4670316, 50.8419155], [4.4670417, 50.841962], [4.4670601, 50.8420739], [4.4671148, 50.84238], [4.4671793, 50.8427596], [4.467241, 50.8432936], [4.4672517, 50.8433863], [4.4671155, 50.8439279], [4.4670702, 50.8440942], [4.4670402, 50.8443236], [4.4670755, 50.8446251], [4.4651958, 50.844273], [4.4650328, 50.8445563], [4.4649478, 50.8447069], [4.4648478, 50.8448806], [4.4646632, 50.8452075], [4.4645791, 50.8453518], [4.4645492, 50.8454044], [4.4642603, 50.8459158], [4.4639895, 50.8463915], [4.4637281, 50.8470896], [4.4636424, 50.8472898], [4.4635807, 50.8473922], [4.4630278, 50.8483123], [4.4628074, 50.8486181], [4.4626938, 50.8487154], [4.462521, 50.8488761], [4.4624858, 50.8489441], [4.4617758, 50.8487915], [4.4589923, 50.8481619], [4.4573703, 50.8477976], [4.4581289, 50.8470211], [4.4589173, 50.8461713], [4.4594361, 50.8456472], [4.4596394, 50.845436], [4.4591495, 50.8454916], [4.4589631, 50.8454729], [4.4587159, 50.8453641], [4.4583958, 50.8452701], [4.4580547, 50.8452327], [4.4575331, 50.8452544], [4.4572287, 50.8450788], [4.4571612, 50.844707], [4.457226, 50.844481], [4.4571635, 50.8442545], [4.4570801, 50.8441134], [4.4569611, 50.8441636], [4.4568664, 50.8441834], [4.4567367, 50.8441626], [4.4565785, 50.8441825], [4.4563281, 50.8441551], [4.4559116, 50.8441774], [4.4557501, 50.8439265], [4.4555333, 50.8440199], [4.4554311, 50.8440484], [4.4553178, 50.8440681], [4.4552197, 50.8440807], [4.4551096, 50.8440876], [4.4549091, 50.8440899], [4.4545734, 50.8441023], [4.4544161, 50.8441182], [4.4541492, 50.8441608], [4.4541478, 50.8441178], [4.4524817, 50.8439038], [4.4523218, 50.8438986], [4.4517366, 50.8438417], [4.4513428, 50.8438801], [4.4509555, 50.8438551], [4.4506434, 50.8438301], [4.450337, 50.8437277], [4.4496294, 50.8434545], [4.4496579, 50.8433197], [4.4481299, 50.8428857], [4.4484165, 50.8426316], [4.4485235, 50.84254], [4.4496217, 50.8416112], [4.450224, 50.8417567], [4.4506531, 50.8418454], [4.4509819, 50.8419133], [4.4514196, 50.8420032], [4.4517623, 50.8420523], [4.4524937, 50.8413821], [4.4527295, 50.8412138], [4.4533468, 50.8407856], [4.4534386, 50.8407198], [4.4539331, 50.8404082], [4.4544723, 50.8400818], [4.4547942, 50.8398854], [4.4532662, 50.839769], [4.4528882, 50.8397407], [4.4522708, 50.8397132], [4.4519938, 50.8396917], [4.4518081, 50.8396901], [4.4515945, 50.839694], [4.4512849, 50.8396557], [4.4507059, 50.8395766], [4.4506172, 50.8395669], [4.4489119, 50.8392958], [4.4486582, 50.8392427], [4.4472401, 50.8389619], [4.4464987, 50.8388426], [4.4457168, 50.8387137], [4.4455243, 50.8386805], [4.4448053, 50.8385643], [4.4441366, 50.8384581], [4.4437867, 50.8384021], [4.4434363, 50.8383545], [4.4433146, 50.8383437], [4.4432079, 50.83834], [4.4428628, 50.8383411], [4.4427218, 50.8383463], [4.4422226, 50.8383261], [4.4421085, 50.8383107], [4.4419939, 50.8382925], [4.4418796, 50.8382664], [4.4417504, 50.8382309], [4.4416216, 50.8381903], [4.4414709, 50.8381385], [4.4413743, 50.8380949], [4.4412692, 50.8380438], [4.4411765, 50.8379943], [4.441079, 50.8379389], [4.4409197, 50.8378391], [4.4408161, 50.837765], [4.4407828, 50.8377373], [4.4406872, 50.8376584], [4.44004, 50.8374137], [4.4392028, 50.8370561], [4.4390672, 50.8370085], [4.4389914, 50.8369875], [4.4389325, 50.8369766], [4.4387351, 50.8369829], [4.4384707, 50.8370224], [4.4381322, 50.8363022], [4.4381016, 50.8362256], [4.4380945, 50.8361768], [4.4380954, 50.8361036], [4.4381057, 50.8360712], [4.4381212, 50.836042], [4.4381485, 50.8360072], [4.4381766, 50.8359781], [4.4382139, 50.8359511], [4.4382539, 50.8359261], [4.4383624, 50.8358741], [4.4384346, 50.8358485], [4.4385149, 50.8358255], [4.4390315, 50.8357624], [4.4396872, 50.835694], [4.4397459, 50.8356826], [4.4397783, 50.8352825], [4.4398045, 50.835093], [4.4398355, 50.8349532], [4.4399079, 50.8347692], [4.4399139, 50.8346859], [4.439916, 50.8345597], [4.4399038, 50.8344947], [4.439881, 50.8344098], [4.439861, 50.8343537], [4.439792, 50.8342327], [4.4397035, 50.8341177], [4.4396172, 50.8340289], [4.4395093, 50.8339416], [4.4394348, 50.8338939], [4.4393714, 50.8338548], [4.4392458, 50.8337822], [4.4389477, 50.8338473], [4.4389398, 50.8338369], [4.4386702, 50.8339295], [4.4384465, 50.8340039], [4.4384362, 50.8340046], [4.4382676, 50.8340396], [4.4377265, 50.8342089], [4.4376156, 50.8342285], [4.4373272, 50.8342927], [4.4372416, 50.834316], [4.4370568, 50.8343663], [4.4368662, 50.8344225], [4.4367522, 50.8344662], [4.4365982, 50.8345343], [4.4364002, 50.8346387], [4.4361844, 50.8347403], [4.4361197, 50.8347572], [4.4359509, 50.834712], [4.4357863, 50.8345413], [4.4347416, 50.8347792], [4.4345163, 50.8347498], [4.4345932, 50.8348329], [4.434676, 50.8349651], [4.4347392, 50.8351081], [4.4349188, 50.8357284], [4.4352838, 50.8369606], [4.4354074, 50.8372839], [4.4355183, 50.8375817], [4.4347436, 50.8376657], [4.4341027, 50.8377499], [4.4340284, 50.8377579], [4.4340002, 50.8396411], [4.4338283, 50.8397074], [4.4337353, 50.8397411], [4.4335876, 50.8397911], [4.4333488, 50.8398605], [4.4329525, 50.8399531], [4.4326826, 50.8399978], [4.432543, 50.8400141], [4.43239, 50.8400256], [4.4321318, 50.8400403], [4.4318046, 50.8400535], [4.4318344, 50.8398207], [4.4318322, 50.8397292], [4.4318106, 50.839621], [4.4317457, 50.8394733], [4.4316825, 50.8393818], [4.4316033, 50.8393201], [4.4264336, 50.8393859], [4.4225978, 50.8391404], [4.4224393, 50.8391188], [4.4215794, 50.8390547], [4.4210539, 50.8389846], [4.4207029, 50.8389281], [4.4194741, 50.8387199], [4.4184083, 50.8385434], [4.4180954, 50.8385074], [4.4153621, 50.8383542], [4.4150693, 50.8383426], [4.4146864, 50.8383363], [4.4138517, 50.838338], [4.4128643, 50.8383459], [4.4124405, 50.8383317], [4.4119716, 50.8383107], [4.4117605, 50.8383068], [4.4116427, 50.8382828], [4.4113894, 50.8382221], [4.4112466, 50.838192], [4.4108198, 50.8381316], [4.4107148, 50.8381496], [4.4103989, 50.8382181], [4.4101464, 50.8382734], [4.4097196, 50.8383786], [4.4095157, 50.8384163], [4.4091669, 50.8385139], [4.4088918, 50.8386127], [4.408838, 50.8386396], [4.4087478, 50.838695], [4.4086356, 50.8387913], [4.4085897, 50.8388233], [4.408519, 50.8388674], [4.408411, 50.8389228], [4.4082979, 50.8389761], [4.4081632, 50.8389817], [4.4079815, 50.8389825], [4.4079056, 50.8389798], [4.4078404, 50.8389729], [4.4077944, 50.8389648], [4.4075628, 50.8388739], [4.4061248, 50.8383894], [4.4059516, 50.8380571], [4.4050986, 50.8376239], [4.4056974, 50.8371346], [4.4061537, 50.8367526], [4.407161, 50.835906], [4.408893, 50.8346802], [4.4093132, 50.8343811], [4.4095407, 50.8341411], [4.4096896, 50.8339839], [4.4097547, 50.8339059], [4.4098081, 50.8338215], [4.409853, 50.8337347], [4.4098642, 50.8335883], [4.4098335, 50.8331018], [4.4097356, 50.8324467], [4.4097428, 50.8322719], [4.4097516, 50.8321301], [4.4098037, 50.8318988], [4.409887, 50.831686], [4.4099853, 50.831507], [4.4103196, 50.8310121], [4.4104591, 50.8308535], [4.4106188, 50.8307047], [4.4108225, 50.8305853], [4.4110881, 50.8304977], [4.4113629, 50.8304417], [4.4115782, 50.8304351], [4.4121918, 50.8304644], [4.4110686, 50.8299724], [4.4090199, 50.8290758], [4.4080127, 50.828635], [4.4053452, 50.8274671], [4.4043618, 50.8270367]]]}}, {"type": "Feature", "properties": {"name": "Saint-Gilles"}, "geometry": {"type": "MultiPolygon", "coordinates": [[[[4.3259014, 50.8305476], [4.3293372, 50.8298148], [4.3299087, 50.8296419], [4.3302732, 50.8295245], [4.3310581, 50.829217], [4.3313409, 50.829121], [4.3316299, 50.8290202], [4.3318551, 50.8289771], [4.3321036, 50.8288834], [4.3322988, 50.8288073], [4.332616, 50.8286957], [4.3332776, 50.8284656], [4.3338925, 50.8282605], [4.334267, 50.8281374], [4.3347073, 50.8279812], [4.3347939, 50.8278955], [4.3349071, 50.8277899], [4.3351894, 50.8275296], [4.3354448, 50.8272848], [4.3358049, 50.8269423], [4.335906, 50.8268804], [4.3371267, 50.8261586], [4.3371918, 50.8261989], [4.3372236, 50.826179], [4.3372691, 50.8262066], [4.3374891, 50.8260519], [4.3375654, 50.8260193], [4.3376331, 50.8259882], [4.338067, 50.8257461], [4.3386139, 50.8253985], [4.3389345, 50.8252098], [4.3392954, 50.8249838], [4.3397165, 50.8246109], [4.3404237, 50.8238603], [4.3407863, 50.8234779], [4.3409585, 50.8232961], [4.3412075, 50.8230334], [4.3412561, 50.8229761], [4.3414892, 50.8227028], [4.341455, 50.8226381], [4.3418869, 50.8224248], [4.3423833, 50.8221832], [4.3425396, 50.8220956], [4.3429445, 50.8218895], [4.3432947, 50.8217204], [4.3435968, 50.821575], [4.3437117, 50.8215195], [4.3441795, 50.8212948], [4.3442653, 50.8212542], [4.3443489, 50.8212123], [4.344544, 50.821121], [4.3446318, 50.8211979], [4.3446678, 50.8212082], [4.3447918, 50.8212635], [4.3452942, 50.8215903], [4.3480129, 50.8208441], [4.3492156, 50.8207819], [4.3497606, 50.820749], [4.3506767, 50.8206967], [4.3509825, 50.8206755], [4.3514312, 50.8206593], [4.3521606, 50.8206059], [4.35248, 50.8205711], [4.3533771, 50.8205804], [4.353566, 50.8205364], [4.3536035, 50.8205828], [4.3536292, 50.8205832], [4.3536723, 50.820715], [4.3537252, 50.820973], [4.3538338, 50.8214945], [4.3538993, 50.8225199], [4.3541122, 50.8227045], [4.3543791, 50.8228301], [4.3548339, 50.823168], [4.355896, 50.8238692], [4.3560471, 50.8239203], [4.356177, 50.8239604], [4.3565653, 50.8240777], [4.3566674, 50.8241127], [4.3567475, 50.8241401], [4.3568022, 50.8241588], [4.3568507, 50.8241767], [4.3569256, 50.8241996], [4.3572266, 50.8243043], [4.3570136, 50.8244469], [4.3572068, 50.8245366], [4.3575075, 50.8247264], [4.3580204, 50.8249563], [4.3581544, 50.8250467], [4.3584463, 50.8249426], [4.3583534, 50.8254006], [4.3583515, 50.8254644], [4.3582864, 50.8256043], [4.3584262, 50.8259515], [4.3585198, 50.8269259], [4.358532, 50.8271152], [4.3585481, 50.827272], [4.3584601, 50.8273165], [4.3583555, 50.8273776], [4.3580855, 50.8275392], [4.3570032, 50.8281633], [4.3576028, 50.8286095], [4.357135, 50.8288661], [4.3576001, 50.8291981], [4.3576757, 50.8292793], [4.3578688, 50.8295276], [4.358013, 50.8297088], [4.3584444, 50.8302451], [4.3581158, 50.8303733], [4.3583259, 50.8306281], [4.3579072, 50.8310344], [4.3580403, 50.8314135], [4.3583317, 50.8318773], [4.3580179, 50.832039], [4.3576661, 50.8322213], [4.3576209, 50.8322653], [4.357613, 50.8324535], [4.3575211, 50.8324658], [4.3574857, 50.8324985], [4.3576092, 50.8325498], [4.3576044, 50.8326576], [4.3569254, 50.8328438], [4.3571905, 50.8336532], [4.3554821, 50.8353041], [4.3554462, 50.8352898], [4.3551663, 50.8355601], [4.3514529, 50.8340051], [4.3500411, 50.8334143], [4.3486666, 50.8328851], [4.348577, 50.832861], [4.3484489, 50.8328316], [4.3483495, 50.832813], [4.3482455, 50.8327976], [4.3481054, 50.8327844], [4.3458608, 50.8327154], [4.3449716, 50.8326067], [4.344615, 50.8326419], [4.3429984, 50.832973], [4.3429515, 50.8330001], [4.3429054, 50.8330364], [4.3428561, 50.8330899], [4.3425083, 50.8340449], [4.3423916, 50.8343699], [4.341499, 50.8368512], [4.3409187, 50.8384415], [4.3408045, 50.8387572], [4.3402982, 50.8401596], [4.3399949, 50.840116], [4.3399536, 50.8402288], [4.3394817, 50.8401847], [4.3390329, 50.8401687], [4.3388566, 50.8401489], [4.3387943, 50.8401335], [4.3386295, 50.8400418], [4.3383227, 50.8398709], [4.338125, 50.8397722], [4.337876, 50.8396795], [4.3372002, 50.8394601], [4.3367832, 50.8393103], [4.3366235, 50.839232], [4.3360477, 50.8389383], [4.3359848, 50.838845], [4.335979, 50.838525], [4.3359527, 50.838467], [4.3359628, 50.838309], [4.3359498, 50.8382125], [4.3358609, 50.8381188], [4.3357791, 50.8380483], [4.3356635, 50.8379844], [4.3355279, 50.8379165], [4.3351934, 50.8377074], [4.3350092, 50.8375353], [4.3348013, 50.8373154], [4.3344779, 50.8371712], [4.3336836, 50.8367264], [4.3335826, 50.8367112], [4.333397, 50.8366471], [4.3332051, 50.836474], [4.3330176, 50.8361499], [4.3327006, 50.8358933], [4.3326701, 50.8357822], [4.3326757, 50.8357178], [4.3327053, 50.8356457], [4.3327519, 50.8355112], [4.3327564, 50.8354261], [4.3326795, 50.835325], [4.3323124, 50.8351466], [4.3322425, 50.8350878], [4.3321986, 50.8349215], [4.3321922, 50.8349161], [4.3321893, 50.834911], [4.3321736, 50.8348969], [4.3321639, 50.8348636], [4.3321646, 50.8347274], [4.3322191, 50.8343287], [4.331456, 50.8337284], [4.3310923, 50.8334321], [4.3309384, 50.8332998], [4.3308831, 50.8332443], [4.3308345, 50.8331899], [4.3307953, 50.8331418], [4.3307587, 50.8330863], [4.3307275, 50.8330249], [4.3307047, 50.8329647], [4.3306789, 50.8328662], [4.330644, 50.8327018], [4.3305837, 50.8324137], [4.3305663, 50.8323579], [4.3305455, 50.8323122], [4.3305106, 50.8322533], [4.3304681, 50.8321913], [4.3303971, 50.8321122], [4.3302957, 50.832017], [4.3296526, 50.8315379], [4.3295925, 50.8314988], [4.32952, 50.8314653], [4.3294241, 50.8314318], [4.3292697, 50.8313959], [4.3284232, 50.8312466], [4.3275925, 50.8310959], [4.3269825, 50.8309976], [4.3264868, 50.830861], [4.3263482, 50.8308167], [4.3261094, 50.8307242], [4.3260481, 50.830692], [4.3259014, 50.8305476]]], [[[4.3553981, 50.8356569], [4.3556766, 50.8353873], [4.3556417, 50.8353724], [4.3563105, 50.8347276], [4.3568667, 50.8349651], [4.3560899, 50.8357674], [4.355961, 50.835891], [4.3553981, 50.8356569]]]]}}, {"type": "Feature", "properties": {"name": "Schaerbeek"}, "geometry": {"type": "Polygon", "coordinates": [[[4.3571864, 50.860314], [4.3665058, 50.858122], [4.3664871, 50.8580881], [4.3671139, 50.857944], [4.3671078, 50.857932], [4.3673574, 50.8578764], [4.3680463, 50.857723], [4.3679408, 50.8575185], [4.3695256, 50.8571818], [4.3696863, 50.8574655], [4.371733, 50.8569824], [4.3725553, 50.8567384], [4.3726833, 50.8566622], [4.3737514, 50.8561241], [4.3738903, 50.856038], [4.374607, 50.8556891], [4.3757355, 50.8551173], [4.3776065, 50.8541645], [4.3788525, 50.8535295], [4.3800436, 50.8529307], [4.3802743, 50.8528148], [4.3810476, 50.8524208], [4.3822313, 50.8518181], [4.3837182, 50.8515262], [4.384052, 50.8514185], [4.3851159, 50.8516991], [4.3854097, 50.8516136], [4.3857754, 50.8514721], [4.3859991, 50.8513706], [4.3862731, 50.8512213], [4.3866941, 50.8509489], [4.3870786, 50.8507082], [4.3882823, 50.8499794], [4.3895409, 50.8492223], [4.3900961, 50.8488772], [4.3907249, 50.8484662], [4.3911318, 50.8481983], [4.3915211, 50.8479735], [4.3929979, 50.8471769], [4.3935669, 50.8466929], [4.3936857, 50.8465963], [4.3939208, 50.8463639], [4.394223, 50.8460657], [4.3945649, 50.8456921], [4.3951127, 50.8450951], [4.3953868, 50.8447369], [4.3956356, 50.8443007], [4.3958955, 50.8437217], [4.3960287, 50.8434086], [4.3989114, 50.8446705], [4.4000516, 50.8436533], [4.4036574, 50.8454967], [4.4051165, 50.8461418], [4.4054643, 50.8463191], [4.4083327, 50.8477841], [4.4108354, 50.8491398], [4.4099616, 50.8507032], [4.410224, 50.8507402], [4.4103764, 50.8507571], [4.4105248, 50.8507677], [4.4107056, 50.8507746], [4.4108905, 50.8507765], [4.4110537, 50.8507667], [4.4111201, 50.8511416], [4.4121057, 50.851737], [4.4117824, 50.8520416], [4.4107019, 50.853065], [4.4130271, 50.8540708], [4.4124587, 50.8545932], [4.4107445, 50.8560733], [4.4088956, 50.8576687], [4.4076949, 50.8573733], [4.4073316, 50.8577177], [4.4063919, 50.8585649], [4.4047144, 50.8598028], [4.4045329, 50.8598816], [4.4044868, 50.8598802], [4.4040713, 50.8600215], [4.4042427, 50.8603378], [4.4041456, 50.8604346], [4.4041078, 50.8604788], [4.4039538, 50.8606104], [4.4036888, 50.8607767], [4.4032397, 50.8610441], [4.4029715, 50.8612105], [4.4024435, 50.8616779], [4.4013019, 50.8627086], [4.400939, 50.8630507], [4.4006487, 50.8633157], [4.4002585, 50.8636805], [4.4000358, 50.8638986], [4.3996752, 50.8643265], [4.399312, 50.8647257], [4.3988908, 50.8652128], [4.3987799, 50.8653404], [4.3985854, 50.8655476], [4.3983336, 50.8658167], [4.3978845, 50.8662729], [4.3971386, 50.8670965], [4.3968896, 50.867388], [4.396668, 50.8676972], [4.3964165, 50.8680842], [4.3962619, 50.8683097], [4.3962214, 50.868375], [4.3961501, 50.8684651], [4.3960437, 50.8686218], [4.3959993, 50.8687348], [4.3959541, 50.8688781], [4.3956971, 50.8695664], [4.3949985, 50.8712646], [4.3949151, 50.8714607], [4.3948444, 50.8716142], [4.3946047, 50.8721228], [4.3945267, 50.8722893], [4.3944709, 50.8723993], [4.3940718, 50.8731452], [4.3938009, 50.873555], [4.3935344, 50.8739735], [4.3933494, 50.8742879], [4.3932657, 50.8744403], [4.3931094, 50.8747963], [4.3929142, 50.8753747], [4.3928438, 50.8755729], [4.3927935, 50.8756581], [4.3927345, 50.875797], [4.3925975, 50.8759143], [4.3924569, 50.8760916], [4.3917674, 50.8771587], [4.3916713, 50.8772868], [4.3915492, 50.8774383], [4.3912791, 50.877689], [4.3912898, 50.8777262], [4.3905372, 50.8785786], [4.3903623, 50.878657], [4.3889449, 50.8803826], [4.3889742, 50.8804028], [4.3889891, 50.880424], [4.3890009, 50.8804614], [4.3889878, 50.8804832], [4.3889494, 50.8805308], [4.3889471, 50.8805762], [4.3883873, 50.8810629], [4.3867928, 50.8806986], [4.3842782, 50.88014], [4.38364, 50.879919], [4.3833437, 50.8798155], [4.3831411, 50.8797201], [4.3830668, 50.879786], [4.382577, 50.879568], [4.3824783, 50.8795004], [4.3824262, 50.8794647], [4.3815205, 50.8789597], [4.3814829, 50.8789866], [4.3808722, 50.8786456], [4.3800034, 50.8781315], [4.3800254, 50.8781148], [4.3798976, 50.8780445], [4.3799189, 50.8780279], [4.3796845, 50.8779019], [4.3796676, 50.8779136], [4.3795117, 50.8778281], [4.379399, 50.8779067], [4.3792958, 50.8778494], [4.37931, 50.8778393], [4.3790811, 50.8777167], [4.379065, 50.8777285], [4.3788324, 50.8775939], [4.3786978, 50.8775155], [4.374827, 50.8754972], [4.3745067, 50.8752703], [4.3744134, 50.8750972], [4.3742248, 50.8747461], [4.3725128, 50.8715661], [4.3723564, 50.8715783], [4.3719964, 50.8715797], [4.3717977, 50.8715743], [4.3715077, 50.8715563], [4.371218, 50.8715278], [4.3709318, 50.8714915], [4.3706395, 50.8714432], [4.370261, 50.8713646], [4.370063, 50.8713123], [4.3698674, 50.871258], [4.3695459, 50.8711527], [4.3691164, 50.8710073], [4.3688369, 50.8708996], [4.3687736, 50.8708719], [4.3686376, 50.8708127], [4.3681082, 50.8705338], [4.3679001, 50.870404], [4.3677384, 50.8702927], [4.3675759, 50.8701661], [4.3674904, 50.8700922], [4.3669085, 50.8695938], [4.3652093, 50.8694751], [4.3649021, 50.8705029], [4.3652415, 50.8708919], [4.3645907, 50.8711174], [4.3644874, 50.8709966], [4.3637347, 50.8712579], [4.3636293, 50.8711378], [4.3631189, 50.8705513], [4.3629282, 50.8703644], [4.3627217, 50.870178], [4.362514, 50.8699946], [4.3622533, 50.8697686], [4.3616883, 50.8692749], [4.361429, 50.8690628], [4.3612936, 50.8689562], [4.3611556, 50.8688499], [4.3610865, 50.8688045], [4.3609942, 50.8685935], [4.3608525, 50.8682721], [4.3608072, 50.8681728], [4.3606259, 50.8677985], [4.3605442, 50.8676215], [4.3604417, 50.8673998], [4.360334, 50.867173], [4.3601102, 50.8666794], [4.3595388, 50.8654067], [4.3588032, 50.8637847], [4.3583245, 50.8626598], [4.3582629, 50.862525], [4.3581347, 50.862254], [4.358084, 50.8621506], [4.3580374, 50.8620553], [4.3579462, 50.8618691], [4.3578193, 50.8616015], [4.3576396, 50.8612081], [4.3576046, 50.8611302], [4.3575708, 50.8610643], [4.3574946, 50.8609157], [4.3573654, 50.8606644], [4.3571864, 50.860314]]]}}]}